CountyCode,CountyName,DistrictCode,DistrictName,AdminCount_District,AdminCount_State,AdminAvgYearsExp_District,AdminAvgYearsExp_State,AdminAvgYearsExpInDistrict_District,AdminAvgYearsExpInDistrict_State,AdminInDistrict4YearsOrMore_District,AdminInDistrict4YearsOrMore_State,Year
01,ATLANTIC,0010,ABSECON CITY,5.0,9374.0,29.5,16.0,6.8,12.0,50.0,76.2,2017-18
01,ATLANTIC,0110,ATLANTIC CITY,31.0,9374.0,17.8,16.0,17.6,12.0,87.1,76.2,2017-18
01,ATLANTIC,0120,ATLANTIC CO VOCATIONAL,9.0,9374.0,7.2,16.0,6.1,12.0,44.4,76.2,2017-18
01,ATLANTIC,0125,ATLANTIC CO SPECIAL SERV,7.0,9374.0,13.3,16.0,4.9,12.0,42.9,76.2,2017-18
01,ATLANTIC,0570,BRIGANTINE CITY,6.0,9374.0,16.0,16.0,13.8,12.0,83.3,76.2,2017-18
01,ATLANTIC,0590,BUENA REGIONAL,11.0,9374.0,21.2,16.0,19.9,12.0,81.8,76.2,2017-18
01,ATLANTIC,1300,EGG HARBOR CITY,4.0,9374.0,21.0,16.0,15.0,12.0,100.0,76.2,2017-18
01,ATLANTIC,1310,EGG HARBOR TWP,39.0,9374.0,14.2,16.0,12.7,12.0,84.6,76.2,2017-18
01,ATLANTIC,1410,ESTELL MANOR CITY,3.0,9374.0,10.0,16.0,3.0,12.0,0.0,76.2,2017-18
01,ATLANTIC,1540,FOLSOM BORO,3.0,9374.0,14.0,16.0,5.0,12.0,100.0,76.2,2017-18
01,ATLANTIC,1690,GALLOWAY TWP,17.0,9374.0,19.8,16.0,15.0,12.0,70.6,76.2,2017-18
01,ATLANTIC,1790,GREATER EGG HARBOR REG,30.0,9374.0,16.5,16.0,13.6,12.0,90.0,76.2,2017-18
01,ATLANTIC,1940,HAMILTON TWP,15.0,9374.0,12.4,16.0,12.4,12.0,66.7,76.2,2017-18
01,ATLANTIC,1960,HAMMONTON TOWN,19.0,9374.0,14.8,16.0,12.8,12.0,94.7,76.2,2017-18
01,ATLANTIC,2680,LINWOOD CITY,6.0,9374.0,18.7,16.0,9.3,12.0,50.0,76.2,2017-18
01,ATLANTIC,2910,MAINLAND REGIONAL,10.0,9374.0,22.3,16.0,15.0,12.0,100.0,76.2,2017-18
01,ATLANTIC,3020,MARGATE CITY,5.0,9374.0,20.6,16.0,19.6,12.0,100.0,76.2,2017-18
01,ATLANTIC,3480,MULLICA TWP,5.0,9374.0,14.8,16.0,2.8,12.0,40.0,76.2,2017-18
01,ATLANTIC,3720,NORTHFIELD CITY,5.0,9374.0,12.6,16.0,2.8,12.0,20.0,76.2,2017-18
01,ATLANTIC,4180,PLEASANTVILLE CITY,24.0,9374.0,16.1,16.0,12.5,12.0,100.0,76.2,2017-18
01,ATLANTIC,4240,PORT REPUBLIC CITY,1.0,9374.0,15.0,16.0,1.0,12.0,0.0,76.2,2017-18
01,ATLANTIC,4800,SOMERS POINT CITY,7.0,9374.0,21.3,16.0,10.0,12.0,42.9,76.2,2017-18
01,ATLANTIC,5350,VENTNOR CITY,6.0,9374.0,24.0,16.0,9.7,12.0,100.0,76.2,2017-18
01,ATLANTIC,5760,WEYMOUTH TWP,3.0,9374.0,15.3,16.0,6.0,12.0,33.3,76.2,2017-18
03,BERGEN,0040,ALLENDALE BORO,6.0,9374.0,9.0,16.0,9.0,12.0,83.3,76.2,2017-18
03,BERGEN,0080,ALPINE BORO,4.0,9374.0,19.0,16.0,5.0,12.0,25.0,76.2,2017-18
03,BERGEN,0285,BERGEN CO SPECIAL SERVICE,17.0,9374.0,20.5,16.0,18.7,12.0,100.0,76.2,2017-18
03,BERGEN,0290,BERGEN COUNTY VOCATIONAL,22.0,9374.0,20.0,16.0,16.8,12.0,95.5,76.2,2017-18
03,BERGEN,0300,BERGENFIELD BORO,19.0,9374.0,14.2,16.0,10.5,12.0,73.7,76.2,2017-18
03,BERGEN,0440,BOGOTA BORO,7.0,9374.0,9.3,16.0,4.7,12.0,28.6,76.2,2017-18
03,BERGEN,0740,CARLSTADT BORO,5.0,9374.0,14.0,16.0,9.6,12.0,40.0,76.2,2017-18
03,BERGEN,0745,CARLSTADT-EAST RUTHERFORD,7.0,9374.0,24.0,16.0,21.6,12.0,85.7,76.2,2017-18
03,BERGEN,0890,CLIFFSIDE PARK BORO,15.0,9374.0,18.7,16.0,18.7,12.0,100.0,76.2,2017-18
03,BERGEN,0930,CLOSTER BORO,7.0,9374.0,20.0,16.0,5.4,12.0,42.9,76.2,2017-18
03,BERGEN,0990,CRESSKILL BORO,13.0,9374.0,18.5,16.0,16.1,12.0,92.3,76.2,2017-18
03,BERGEN,1070,DEMAREST BORO,6.0,9374.0,16.8,16.0,9.7,12.0,83.3,76.2,2017-18
03,BERGEN,1130,DUMONT BORO,18.0,9374.0,15.7,16.0,15.7,12.0,88.9,76.2,2017-18
03,BERGEN,1230,EAST RUTHERFORD BORO,5.0,9374.0,6.6,16.0,4.8,12.0,40.0,76.2,2017-18
03,BERGEN,1270,EDGEWATER BORO,6.0,9374.0,21.2,16.0,7.2,12.0,33.3,76.2,2017-18
03,BERGEN,1345,ELMWOOD PARK,11.0,9374.0,11.9,16.0,7.5,12.0,81.8,76.2,2017-18
03,BERGEN,1360,EMERSON BORO,11.0,9374.0,16.8,16.0,10.1,12.0,63.6,76.2,2017-18
03,BERGEN,1370,ENGLEWOOD CITY,23.0,9374.0,8.4,16.0,8.3,12.0,52.2,76.2,2017-18
03,BERGEN,1380,ENGLEWOOD CLIFFS BORO,5.0,9374.0,14.5,16.0,10.3,12.0,50.0,76.2,2017-18
03,BERGEN,1450,FAIR LAWN BORO,27.0,9374.0,15.6,16.0,10.4,12.0,81.5,76.2,2017-18
03,BERGEN,1470,FAIRVIEW BORO,9.0,9374.0,17.3,16.0,15.6,12.0,77.8,76.2,2017-18
03,BERGEN,1550,FORT LEE BORO,21.0,9374.0,14.3,16.0,8.4,12.0,52.4,76.2,2017-18
03,BERGEN,1580,FRANKLIN LAKES BORO,9.0,9374.0,11.4,16.0,11.4,12.0,77.8,76.2,2017-18
03,BERGEN,1700,GARFIELD CITY,38.0,9374.0,20.7,16.0,20.7,12.0,100.0,76.2,2017-18
03,BERGEN,1760,GLEN ROCK BORO,15.0,9374.0,25.8,16.0,8.1,12.0,73.3,76.2,2017-18
03,BERGEN,1860,HACKENSACK CITY,33.0,9374.0,15.7,16.0,15.7,12.0,84.8,76.2,2017-18
03,BERGEN,2050,HARRINGTON PARK BORO,4.0,9374.0,17.8,16.0,10.3,12.0,100.0,76.2,2017-18
03,BERGEN,2080,HASBROUCK HEIGHTS BORO,10.0,9374.0,17.1,16.0,10.7,12.0,80.0,76.2,2017-18
03,BERGEN,2090,HAWORTH BORO,4.0,9374.0,15.0,16.0,3.0,12.0,25.0,76.2,2017-18
03,BERGEN,2180,HILLSDALE BORO,8.0,9374.0,20.1,16.0,6.5,12.0,50.0,76.2,2017-18
03,BERGEN,2200,HO HO KUS BORO,5.0,9374.0,21.2,16.0,15.0,12.0,80.0,76.2,2017-18
03,BERGEN,2620,LEONIA BORO,17.0,9374.0,17.5,16.0,12.6,12.0,58.8,76.2,2017-18
03,BERGEN,2710,LITTLE FERRY BORO,6.0,9374.0,16.2,16.0,10.7,12.0,50.0,76.2,2017-18
03,BERGEN,2740,LODI BOROUGH,26.0,9374.0,20.4,16.0,20.4,12.0,100.0,76.2,2017-18
03,BERGEN,2860,LYNDHURST TWP,22.0,9374.0,10.3,16.0,6.8,12.0,63.6,76.2,2017-18
03,BERGEN,2900,MAHWAH TWP,24.0,9374.0,18.4,16.0,8.3,12.0,62.5,76.2,2017-18
03,BERGEN,3060,MAYWOOD BORO,5.0,9374.0,23.8,16.0,11.4,12.0,80.0,76.2,2017-18
03,BERGEN,3170,MIDLAND PARK BORO,10.0,9374.0,15.5,16.0,8.1,12.0,70.0,76.2,2017-18
03,BERGEN,3330,MONTVALE BORO,8.0,9374.0,13.8,16.0,3.0,12.0,37.5,76.2,2017-18
03,BERGEN,3350,MOONACHIE BORO,3.0,9374.0,8.0,16.0,1.7,12.0,0.0,76.2,2017-18
03,BERGEN,3550,NEW MILFORD BORO,14.0,9374.0,19.2,16.0,9.8,12.0,78.6,76.2,2017-18
03,BERGEN,3600,NORTH ARLINGTON BORO,15.0,9374.0,16.9,16.0,8.3,12.0,60.0,76.2,2017-18
03,BERGEN,3700,NORTHERN HIGHLANDS REG,15.0,9374.0,14.3,16.0,14.3,12.0,80.0,76.2,2017-18
03,BERGEN,3710,NORTHERN VALLEY REGIONAL,26.0,9374.0,22.2,16.0,15.5,12.0,79.2,76.2,2017-18
03,BERGEN,3730,NORTHVALE BORO,4.0,9374.0,13.0,16.0,9.5,12.0,75.0,76.2,2017-18
03,BERGEN,3740,NORWOOD BORO,6.0,9374.0,21.4,16.0,14.0,12.0,60.0,76.2,2017-18
03,BERGEN,3760,OAKLAND BORO,11.0,9374.0,21.5,16.0,9.5,12.0,72.7,76.2,2017-18
03,BERGEN,3850,OLD TAPPAN BORO,7.0,9374.0,22.2,16.0,10.5,12.0,83.3,76.2,2017-18
03,BERGEN,3870,ORADELL BORO,6.0,9374.0,4.3,16.0,1.8,12.0,16.7,76.2,2017-18
03,BERGEN,3910,PALISADES PARK,9999999.0,9374.0,9999999.0,16.0,9999999.0,12.0,9999999.0,76.2,2017-18
03,BERGEN,3930,PARAMUS BORO,26.0,9374.0,20.5,16.0,14.1,12.0,80.8,76.2,2017-18
03,BERGEN,3940,PARK RIDGE BORO,16.0,9374.0,17.9,16.0,10.4,12.0,81.3,76.2,2017-18
03,BERGEN,3960,PASCACK VALLEY REGIONAL,21.0,9374.0,20.8,16.0,11.9,12.0,81.0,76.2,2017-18
03,BERGEN,4300,RAMAPO-INDIAN HILL REG,28.0,9374.0,9.5,16.0,9.5,12.0,92.9,76.2,2017-18
03,BERGEN,4310,RAMSEY BORO,20.0,9374.0,18.4,16.0,9.8,12.0,75.0,76.2,2017-18
03,BERGEN,4370,RIDGEFIELD BORO,15.0,9374.0,17.8,16.0,13.9,12.0,80.0,76.2,2017-18
03,BERGEN,4380,RIDGEFIELD PARK TWP,15.0,9374.0,23.1,16.0,16.6,12.0,93.3,76.2,2017-18
03,BERGEN,4390,RIDGEWOOD VILLAGE,31.0,9374.0,13.0,16.0,6.1,12.0,58.1,76.2,2017-18
03,BERGEN,4405,RIVER DELL REGIONAL,13.0,9374.0,27.5,16.0,14.0,12.0,84.6,76.2,2017-18
03,BERGEN,4410,RIVER EDGE BORO,10.0,9374.0,15.9,16.0,7.1,12.0,70.0,76.2,2017-18
03,BERGEN,4430,RIVER VALE TWP,8.0,9374.0,16.3,16.0,5.8,12.0,37.5,76.2,2017-18
03,BERGEN,4470,ROCHELLE PARK TWP,3.0,9374.0,23.3,16.0,16.3,12.0,66.7,76.2,2017-18
03,BERGEN,4600,RUTHERFORD BORO,19.0,9374.0,17.9,16.0,13.4,12.0,94.7,76.2,2017-18
03,BERGEN,4610,SADDLE BROOK TWP,12.0,9374.0,3.9,16.0,3.9,12.0,33.3,76.2,2017-18
03,BERGEN,4620,SADDLE RIVER BORO,4.0,9374.0,27.8,16.0,4.3,12.0,25.0,76.2,2017-18
03,BERGEN,4845,SOUTH BERGEN JOINTURE COM,9.0,9374.0,16.3,16.0,12.8,12.0,100.0,76.2,2017-18
03,BERGEN,4870,SOUTH HACKENSACK TWP,4.0,9374.0,7.5,16.0,11.0,12.0,100.0,76.2,2017-18
03,BERGEN,5150,TEANECK TWP,27.0,9374.0,16.7,16.0,10.6,12.0,70.4,76.2,2017-18
03,BERGEN,5160,TENAFLY BORO,26.0,9374.0,20.8,16.0,12.4,12.0,80.8,76.2,2017-18
03,BERGEN,5330,UPPER SADDLE RIVER BORO,10.0,9374.0,16.9,16.0,7.4,12.0,60.0,76.2,2017-18
03,BERGEN,5410,WALDWICK BORO,14.0,9374.0,17.8,16.0,12.7,12.0,69.2,76.2,2017-18
03,BERGEN,5430,WALLINGTON BORO,12.0,9374.0,26.2,16.0,21.0,12.0,91.7,76.2,2017-18
03,BERGEN,5755,WESTWOOD REGIONAL,19.0,9374.0,13.1,16.0,6.0,12.0,47.4,76.2,2017-18
03,BERGEN,5830,WOOD-RIDGE BORO,8.0,9374.0,15.5,16.0,8.3,12.0,37.5,76.2,2017-18
03,BERGEN,5880,WOODCLIFF LAKE BORO,6.0,9374.0,13.0,16.0,7.7,12.0,66.7,76.2,2017-18
03,BERGEN,5920,WYCKOFF TWP,12.0,9374.0,16.3,16.0,10.7,12.0,75.0,76.2,2017-18
05,BURLINGTON,0200,BASS RIVER TWP,1.0,9374.0,37.0,16.0,0.0,12.0,0.0,76.2,2017-18
05,BURLINGTON,0380,BEVERLY CITY,6.0,9374.0,5.7,16.0,5.7,12.0,100.0,76.2,2017-18
05,BURLINGTON,0475,BORDENTOWN REGIONAL,15.0,9374.0,9.9,16.0,9.9,12.0,73.3,76.2,2017-18
05,BURLINGTON,0600,BURLINGTON CITY,16.0,9374.0,16.4,16.0,9.1,12.0,81.3,76.2,2017-18
05,BURLINGTON,0605,BURLINGTON CO SPEC SERV,18.0,9374.0,14.6,16.0,6.6,12.0,44.4,76.2,2017-18
05,BURLINGTON,0610,BURLINGTON CO VOCATIONAL,14.0,9374.0,12.0,16.0,10.8,12.0,75.0,76.2,2017-18
05,BURLINGTON,0620,BURLINGTON TWP,21.0,9374.0,20.0,16.0,15.8,12.0,90.5,76.2,2017-18
05,BURLINGTON,0830,CHESTERFIELD TWP,5.0,9374.0,20.2,16.0,7.4,12.0,40.0,76.2,2017-18
05,BURLINGTON,0840,CINNAMINSON TWP,23.0,9374.0,19.5,16.0,14.4,12.0,90.9,76.2,2017-18
05,BURLINGTON,1030,DELANCO TWP,4.0,9374.0,8.8,16.0,6.0,12.0,25.0,76.2,2017-18
05,BURLINGTON,1060,DELRAN TWP,18.0,9374.0,18.5,16.0,9.1,12.0,66.7,76.2,2017-18
05,BURLINGTON,1250,EASTAMPTON TWP,5.0,9374.0,6.4,16.0,6.4,12.0,40.0,76.2,2017-18
05,BURLINGTON,1280,EDGEWATER PARK TWP,6.0,9374.0,21.3,16.0,12.3,12.0,83.3,76.2,2017-18
05,BURLINGTON,1420,EVESHAM TWP,21.0,9374.0,16.0,16.0,9.3,12.0,76.2,76.2,2017-18
05,BURLINGTON,1520,FLORENCE TWP,7.0,9374.0,12.4,16.0,10.1,12.0,71.4,76.2,2017-18
05,BURLINGTON,1910,HAINESPORT TWP,4.0,9374.0,10.3,16.0,1.0,12.0,0.0,76.2,2017-18
05,BURLINGTON,2610,LENAPE REGIONAL,41.0,9374.0,20.5,16.0,16.7,12.0,97.6,76.2,2017-18
05,BURLINGTON,2850,LUMBERTON TWP,11.0,9374.0,10.8,16.0,10.2,12.0,54.5,76.2,2017-18
05,BURLINGTON,2960,MANSFIELD TWP,5.0,9374.0,3.0,16.0,3.0,12.0,40.0,76.2,2017-18
05,BURLINGTON,3010,MAPLE SHADE TWP,13.0,9374.0,8.9,16.0,8.9,12.0,92.3,76.2,2017-18
05,BURLINGTON,3070,MEDFORD LAKES BORO,3.0,9374.0,13.7,16.0,6.7,12.0,100.0,76.2,2017-18
05,BURLINGTON,3080,MEDFORD TWP,15.0,9374.0,10.4,16.0,10.4,12.0,80.0,76.2,2017-18
05,BURLINGTON,3360,MOORESTOWN TWP,26.0,9374.0,18.5,16.0,10.2,12.0,80.8,76.2,2017-18
05,BURLINGTON,3430,MOUNT HOLLY TWP,8.0,9374.0,9.3,16.0,8.6,12.0,75.0,76.2,2017-18
05,BURLINGTON,3440,MOUNT LAUREL TWP,21.0,9374.0,14.8,16.0,12.0,12.0,66.7,76.2,2017-18
05,BURLINGTON,3540,NEW HANOVER TWP,3.0,9374.0,18.7,16.0,3.0,12.0,33.3,76.2,2017-18
05,BURLINGTON,3650,NORTH HANOVER TWP,8.0,9374.0,19.0,16.0,5.0,12.0,62.5,76.2,2017-18
05,BURLINGTON,3690,NORTHERN BURLINGTON REG,14.0,9374.0,18.7,16.0,11.0,12.0,78.6,76.2,2017-18
05,BURLINGTON,3920,PALMYRA BORO,9.0,9374.0,17.6,16.0,11.8,12.0,88.9,76.2,2017-18
05,BURLINGTON,4050,PEMBERTON TWP,35.0,9374.0,16.5,16.0,10.6,12.0,68.6,76.2,2017-18
05,BURLINGTON,4320,RANCOCAS VALLEY REGIONAL,14.0,9374.0,12.7,16.0,12.7,12.0,85.7,76.2,2017-18
05,BURLINGTON,4450,RIVERSIDE TWP,10.0,9374.0,16.6,16.0,15.0,12.0,80.0,76.2,2017-18
05,BURLINGTON,4460,RIVERTON,3.0,9374.0,23.0,16.0,7.7,12.0,33.3,76.2,2017-18
05,BURLINGTON,4740,SHAMONG TWP,6.0,9374.0,17.8,16.0,7.0,12.0,50.0,76.2,2017-18
05,BURLINGTON,4930,SOUTHAMPTON TWP,9.0,9374.0,15.8,16.0,8.4,12.0,66.7,76.2,2017-18
05,BURLINGTON,5010,SPRINGFIELD TWP,4.0,9374.0,12.5,16.0,3.0,12.0,25.0,76.2,2017-18
05,BURLINGTON,5130,TABERNACLE TWP,6.0,9374.0,15.3,16.0,4.8,12.0,33.3,76.2,2017-18
05,BURLINGTON,5720,WESTAMPTON,5.0,9374.0,21.6,16.0,9.4,12.0,80.0,76.2,2017-18
05,BURLINGTON,5805,WILLINGBORO TWP,32.0,9374.0,11.7,16.0,11.5,12.0,90.6,76.2,2017-18
05,BURLINGTON,5890,WOODLAND TWP,3.0,9374.0,8.0,16.0,5.0,12.0,66.7,76.2,2017-18
07,CAMDEN,0150,AUDUBON BORO,11.0,9374.0,24.3,16.0,18.1,12.0,81.8,76.2,2017-18
07,CAMDEN,0190,BARRINGTON BORO,5.0,9374.0,18.8,16.0,13.6,12.0,60.0,76.2,2017-18
07,CAMDEN,0260,BELLMAWR BORO,10.0,9374.0,17.3,16.0,11.7,12.0,80.0,76.2,2017-18
07,CAMDEN,0330,BERLIN BORO,5.0,9374.0,13.5,16.0,1.8,12.0,0.0,76.2,2017-18
07,CAMDEN,0340,BERLIN TWP,6.0,9374.0,16.8,16.0,10.5,12.0,100.0,76.2,2017-18
07,CAMDEN,0390,BLACK HORSE PIKE REGIONAL,35.0,9374.0,17.1,16.0,11.4,12.0,80.0,76.2,2017-18
07,CAMDEN,0580,BROOKLAWN BORO,2.0,9374.0,13.0,16.0,4.5,12.0,50.0,76.2,2017-18
07,CAMDEN,0680,CAMDEN CITY,91.0,9374.0,12.8,16.0,12.8,12.0,73.7,76.2,2017-18
07,CAMDEN,0700,CAMDEN COUNTY VOCATIONAL,26.0,9374.0,18.1,16.0,13.3,12.0,92.3,76.2,2017-18
07,CAMDEN,0800,CHERRY HILL TWP,47.0,9374.0,7.0,16.0,7.0,12.0,63.8,76.2,2017-18
07,CAMDEN,0880,CLEMENTON BORO,5.0,9374.0,19.2,16.0,5.8,12.0,60.0,76.2,2017-18
07,CAMDEN,0940,COLLINGSWOOD BORO,19.0,9374.0,17.7,16.0,12.9,12.0,84.2,76.2,2017-18
07,CAMDEN,1255,EASTERN CAMDEN COUNTY REG,13.0,9374.0,20.6,16.0,9.7,12.0,76.9,76.2,2017-18
07,CAMDEN,1720,GIBBSBORO BORO,2.0,9374.0,21.5,16.0,12.5,12.0,50.0,76.2,2017-18
07,CAMDEN,1770,GLOUCESTER CITY,16.0,9374.0,15.8,16.0,14.8,12.0,87.5,76.2,2017-18
07,CAMDEN,1780,GLOUCESTER TWP,35.0,9374.0,13.3,16.0,12.4,12.0,88.6,76.2,2017-18
07,CAMDEN,1799,"KIPP: COOPER NORCROSS, A NEW JERSEY NONPROFIT CORPORATION",9999999.0,9374.0,9999999.0,16.0,9999999.0,12.0,9999999.0,76.2,2017-18
07,CAMDEN,1801,"CAMDEN PREP, INC.",3.0,9374.0,8.7,16.0,2.0,12.0,0.0,76.2,2017-18
07,CAMDEN,1802,"MASTERY SCHOOLS OF CAMDEN, INC. ",11.0,9374.0,9.0,16.0,1.9,12.0,0.0,76.2,2017-18
07,CAMDEN,1880,HADDON HEIGHTS BORO,10.0,9374.0,20.3,16.0,10.4,12.0,90.0,76.2,2017-18
07,CAMDEN,1890,HADDON TWP,16.0,9374.0,17.9,16.0,10.4,12.0,75.0,76.2,2017-18
07,CAMDEN,1900,HADDONFIELD BORO,15.0,9374.0,10.6,16.0,8.5,12.0,73.3,76.2,2017-18
07,CAMDEN,2540,LAUREL SPRINGS BORO,4.0,9374.0,26.3,16.0,18.3,12.0,100.0,76.2,2017-18
07,CAMDEN,2560,LAWNSIDE BORO,5.0,9374.0,17.6,16.0,12.4,12.0,100.0,76.2,2017-18
07,CAMDEN,2670,LINDENWOLD BORO,19.0,9374.0,16.3,16.0,10.1,12.0,78.9,76.2,2017-18
07,CAMDEN,2890,MAGNOLIA BORO,4.0,9374.0,21.8,16.0,9.0,12.0,75.0,76.2,2017-18
07,CAMDEN,3110,MERCHANTVILLE BORO,1.0,9374.0,19.0,16.0,2.0,12.0,0.0,76.2,2017-18
07,CAMDEN,3420,MOUNT EPHRAIM BORO,3.0,9374.0,16.7,16.0,5.0,12.0,50.0,76.2,2017-18
07,CAMDEN,3770,OAKLYN BORO,6.0,9374.0,12.8,16.0,8.3,12.0,83.3,76.2,2017-18
07,CAMDEN,4060,PENNSAUKEN TWP,25.0,9374.0,12.5,16.0,10.3,12.0,64.0,76.2,2017-18
07,CAMDEN,4110,PINE HILL BORO,13.0,9374.0,15.8,16.0,14.2,12.0,76.9,76.2,2017-18
07,CAMDEN,4590,RUNNEMEDE BORO,6.0,9374.0,6.0,16.0,5.5,12.0,66.7,76.2,2017-18
07,CAMDEN,4790,SOMERDALE BORO,3.0,9374.0,3.7,16.0,3.7,12.0,66.7,76.2,2017-18
07,CAMDEN,5035,STERLING HIGH SCHOOL DIST,9.0,9374.0,18.4,16.0,14.3,12.0,100.0,76.2,2017-18
07,CAMDEN,5080,STRATFORD BORO,6.0,9374.0,13.8,16.0,10.7,12.0,83.3,76.2,2017-18
07,CAMDEN,5400,VOORHEES TWP,17.0,9374.0,26.5,16.0,20.8,12.0,100.0,76.2,2017-18
07,CAMDEN,5560,WATERFORD TWP,6.0,9374.0,9.2,16.0,5.5,12.0,50.0,76.2,2017-18
07,CAMDEN,5820,WINSLOW TWP,30.0,9374.0,10.7,16.0,10.7,12.0,80.0,76.2,2017-18
07,CAMDEN,5900,WOODLYNNE BORO,3.0,9374.0,12.7,16.0,3.7,12.0,33.3,76.2,2017-18
09,CAPE MAY,0170,AVALON BORO,3.0,9374.0,19.7,16.0,7.3,12.0,100.0,76.2,2017-18
09,CAPE MAY,0710,CAPE MAY CITY,3.0,9374.0,21.7,16.0,10.3,12.0,100.0,76.2,2017-18
09,CAPE MAY,0715,CAPE MAY CO SPECIAL SERV,5.0,9374.0,13.2,16.0,5.6,12.0,60.0,76.2,2017-18
09,CAPE MAY,0720,CAPE MAY CO VOCATIONAL,7.0,9374.0,21.7,16.0,11.9,12.0,85.7,76.2,2017-18
09,CAPE MAY,1080,DENNIS TWP,4.0,9374.0,20.5,16.0,8.0,12.0,50.0,76.2,2017-18
09,CAPE MAY,2820,LOWER CAPE MAY REGIONAL,10.0,9374.0,12.8,16.0,12.1,12.0,80.0,76.2,2017-18
09,CAPE MAY,2840,LOWER TWP,9.0,9374.0,5.3,16.0,5.3,12.0,44.4,76.2,2017-18
09,CAPE MAY,3130,MIDDLE TWP,12.0,9374.0,14.8,16.0,14.8,12.0,83.3,76.2,2017-18
09,CAPE MAY,3680,NORTH WILDWOOD CITY,4.0,9374.0,23.8,16.0,8.8,12.0,50.0,76.2,2017-18
09,CAPE MAY,3780,OCEAN CITY,11.0,9374.0,15.8,16.0,5.5,12.0,54.5,76.2,2017-18
09,CAPE MAY,5060,STONE HARBOR BORO,6.0,9374.0,20.7,16.0,8.7,12.0,100.0,76.2,2017-18
09,CAPE MAY,5340,UPPER TWP,8.0,9374.0,8.5,16.0,7.9,12.0,62.5,76.2,2017-18
09,CAPE MAY,5610,WEST CAPE MAY BORO,2.0,9374.0,17.0,16.0,17.0,12.0,100.0,76.2,2017-18
09,CAPE MAY,5790,WILDWOOD CITY,8.0,9374.0,7.7,16.0,7.7,12.0,57.1,76.2,2017-18
09,CAPE MAY,5800,WILDWOOD CREST BORO,4.0,9374.0,18.5,16.0,7.8,12.0,75.0,76.2,2017-18
09,CAPE MAY,5840,WOODBINE BORO,2.0,9374.0,15.0,16.0,12.0,12.0,100.0,76.2,2017-18
11,CUMBERLAND,0540,BRIDGETON CITY,34.0,9374.0,17.5,16.0,13.3,12.0,70.6,76.2,2017-18
11,CUMBERLAND,0950,COMMERCIAL TWP,5.0,9374.0,9.2,16.0,4.0,12.0,20.0,76.2,2017-18
11,CUMBERLAND,0995,CUMBERLAND CO VOCATIONAL,8.0,9374.0,18.0,16.0,4.7,12.0,42.9,76.2,2017-18
11,CUMBERLAND,0997,CUMBERLAND REGIONAL,12.0,9374.0,16.4,16.0,9.3,12.0,91.7,76.2,2017-18
11,CUMBERLAND,1020,DEERFIELD TWP,3.0,9374.0,19.7,16.0,3.7,12.0,33.3,76.2,2017-18
11,CUMBERLAND,1120,DOWNE TWP,2.0,9374.0,7.5,16.0,7.5,12.0,50.0,76.2,2017-18
11,CUMBERLAND,1460,FAIRFIELD TWP,5.0,9374.0,6.4,16.0,3.8,12.0,40.0,76.2,2017-18
11,CUMBERLAND,1820,GREENWICH TWP,1.0,9374.0,12.0,16.0,4.0,12.0,100.0,76.2,2017-18
11,CUMBERLAND,2270,HOPEWELL TWP,3.0,9374.0,13.0,16.0,6.5,12.0,50.0,76.2,2017-18
11,CUMBERLAND,2570,LAWRENCE TWP,5.0,9374.0,14.0,16.0,7.2,12.0,80.0,76.2,2017-18
11,CUMBERLAND,3050,MAURICE RIVER TWP,5.0,9374.0,17.0,16.0,13.2,12.0,100.0,76.2,2017-18
11,CUMBERLAND,3230,MILLVILLE CITY,44.0,9374.0,15.3,16.0,11.8,12.0,77.3,76.2,2017-18
11,CUMBERLAND,5070,STOW CREEK TWP,1.0,9374.0,40.0,16.0,6.0,12.0,100.0,76.2,2017-18
11,CUMBERLAND,5300,UPPER DEERFIELD TWP,5.0,9374.0,16.8,16.0,3.4,12.0,40.0,76.2,2017-18
11,CUMBERLAND,5390,VINELAND CITY,45.0,9374.0,16.6,16.0,16.6,12.0,95.6,76.2,2017-18
13,ESSEX,0250,BELLEVILLE TOWN,26.0,9374.0,13.1,16.0,13.1,12.0,69.2,76.2,2017-18
13,ESSEX,0410,BLOOMFIELD TWP,34.0,9374.0,13.5,16.0,12.4,12.0,70.6,76.2,2017-18
13,ESSEX,0660,CALDWELL-WEST CALDWELL,17.0,9374.0,8.5,16.0,8.5,12.0,70.6,76.2,2017-18
13,ESSEX,0760,CEDAR GROVE TWP,12.0,9374.0,15.7,16.0,10.6,12.0,100.0,76.2,2017-18
13,ESSEX,1210,EAST ORANGE,68.0,9374.0,22.4,16.0,20.1,12.0,94.1,76.2,2017-18
13,ESSEX,1387,ESSEX CO ED SERV COMM,19.0,9374.0,7.8,16.0,7.8,12.0,52.6,76.2,2017-18
13,ESSEX,1390,ESSEX CO VOC-TECH,19.0,9374.0,16.6,16.0,15.7,12.0,84.2,76.2,2017-18
13,ESSEX,1400,ESSEX FELLS BORO,2.0,9374.0,10.0,16.0,6.0,12.0,100.0,76.2,2017-18
13,ESSEX,1465,FAIRFIELD TWP,4.0,9374.0,5.0,16.0,5.0,12.0,50.0,76.2,2017-18
13,ESSEX,1750,GLEN RIDGE BORO,11.0,9374.0,19.0,16.0,13.3,12.0,81.8,76.2,2017-18
13,ESSEX,2330,IRVINGTON TOWNSHIP,37.0,9374.0,14.4,16.0,9.5,12.0,64.9,76.2,2017-18
13,ESSEX,2730,LIVINGSTON TWP,38.0,9374.0,12.7,16.0,9.5,12.0,68.4,76.2,2017-18
13,ESSEX,3190,MILLBURN TWP,34.0,9374.0,10.2,16.0,10.2,12.0,67.6,76.2,2017-18
13,ESSEX,3310,MONTCLAIR TOWN,32.0,9374.0,15.2,16.0,10.1,12.0,65.6,76.2,2017-18
13,ESSEX,3570,NEWARK CITY,362.0,9374.0,16.7,16.0,14.4,12.0,89.3,76.2,2017-18
13,ESSEX,3630,NORTH CALDWELL BORO,4.0,9374.0,12.3,16.0,5.0,12.0,50.0,76.2,2017-18
13,ESSEX,3750,NUTLEY TOWN,27.0,9374.0,13.3,16.0,11.9,12.0,74.1,76.2,2017-18
13,ESSEX,3880,CITY OF ORANGE TWP,50.0,9374.0,12.9,16.0,9.8,12.0,74.0,76.2,2017-18
13,ESSEX,4530,ROSELAND BORO,5.0,9374.0,8.3,16.0,1.0,12.0,0.0,76.2,2017-18
13,ESSEX,4900,SOUTH ORANGE-MAPLEWOOD,40.0,9374.0,8.8,16.0,8.8,12.0,57.5,76.2,2017-18
13,ESSEX,5370,VERONA BORO,17.0,9374.0,13.9,16.0,7.9,12.0,56.3,76.2,2017-18
13,ESSEX,5630,WEST ESSEX REGIONAL,15.0,9374.0,8.0,16.0,8.0,12.0,66.7,76.2,2017-18
13,ESSEX,5680,WEST ORANGE TOWN,43.0,9374.0,15.8,16.0,13.6,12.0,72.1,76.2,2017-18
15,GLOUCESTER,0860,CLAYTON BORO,9.0,9374.0,7.6,16.0,7.6,12.0,66.7,76.2,2017-18
15,GLOUCESTER,0870,CLEARVIEW REGIONAL,16.0,9374.0,19.1,16.0,12.4,12.0,81.3,76.2,2017-18
15,GLOUCESTER,1100,DEPTFORD TWP,23.0,9374.0,18.3,16.0,13.8,12.0,82.6,76.2,2017-18
15,GLOUCESTER,1180,EAST GREENWICH TWP,7.0,9374.0,17.3,16.0,5.0,12.0,71.4,76.2,2017-18
15,GLOUCESTER,1330,ELK TWP,5.0,9374.0,22.0,16.0,3.0,12.0,0.0,76.2,2017-18
15,GLOUCESTER,1590,FRANKLIN TWP,8.0,9374.0,16.8,16.0,7.9,12.0,87.5,76.2,2017-18
15,GLOUCESTER,1715,GATEWAY REGIONAL,13.0,9374.0,17.6,16.0,10.5,12.0,76.9,76.2,2017-18
15,GLOUCESTER,1730,GLASSBORO,21.0,9374.0,13.8,16.0,10.7,12.0,81.0,76.2,2017-18
15,GLOUCESTER,1774,GLOUCESTER CO SPEC SERV,21.0,9374.0,19.9,16.0,19.3,12.0,95.2,76.2,2017-18
15,GLOUCESTER,1775,GLOUCESTER CO VOCATIONAL,7.0,9374.0,14.0,16.0,11.0,12.0,85.7,76.2,2017-18
15,GLOUCESTER,1830,GREENWICH TWP,4.0,9374.0,20.0,16.0,8.3,12.0,50.0,76.2,2017-18
15,GLOUCESTER,2070,HARRISON TWP,8.0,9374.0,17.9,16.0,11.4,12.0,87.5,76.2,2017-18
15,GLOUCESTER,2440,KINGSWAY REGIONAL,17.0,9374.0,9.5,16.0,9.5,12.0,70.6,76.2,2017-18
15,GLOUCESTER,2750,LOGAN TWP,7.0,9374.0,17.9,16.0,7.4,12.0,85.7,76.2,2017-18
15,GLOUCESTER,2990,MANTUA TWP,7.0,9374.0,10.0,16.0,4.3,12.0,42.9,76.2,2017-18
15,GLOUCESTER,3280,MONROE TWP,28.0,9374.0,23.5,16.0,16.8,12.0,96.4,76.2,2017-18
15,GLOUCESTER,3490,NATIONAL PARK BORO,5.0,9374.0,21.6,16.0,6.8,12.0,80.0,76.2,2017-18
15,GLOUCESTER,4020,PAULSBORO BORO,9.0,9374.0,22.3,16.0,12.2,12.0,66.7,76.2,2017-18
15,GLOUCESTER,4140,PITMAN BORO,12.0,9374.0,20.3,16.0,11.3,12.0,66.7,76.2,2017-18
15,GLOUCESTER,4880,SOUTH HARRISON TWP,6.0,9374.0,7.7,16.0,6.2,12.0,66.7,76.2,2017-18
15,GLOUCESTER,4940,DELSEA REGIONAL H.S DIST.,12.0,9374.0,22.6,16.0,16.9,12.0,91.7,76.2,2017-18
15,GLOUCESTER,5120,SWEDESBORO-WOOLWICH,10.0,9374.0,8.0,16.0,8.0,12.0,60.0,76.2,2017-18
15,GLOUCESTER,5500,WASHINGTON TWP,47.0,9374.0,19.7,16.0,16.3,12.0,80.9,76.2,2017-18
15,GLOUCESTER,5590,WENONAH BORO,2.0,9374.0,10.5,16.0,2.5,12.0,50.0,76.2,2017-18
15,GLOUCESTER,5620,WEST DEPTFORD TWP,16.0,9374.0,15.5,16.0,11.8,12.0,81.3,76.2,2017-18
15,GLOUCESTER,5740,WESTVILLE BORO,6.0,9374.0,20.0,16.0,8.0,12.0,66.7,76.2,2017-18
15,GLOUCESTER,5860,WOODBURY CITY,13.0,9374.0,16.5,16.0,9.5,12.0,84.6,76.2,2017-18
15,GLOUCESTER,5870,WOODBURY HEIGHTS BORO,1.0,9374.0,32.0,16.0,5.0,12.0,100.0,76.2,2017-18
17,HUDSON,0220,BAYONNE CITY,42.0,9374.0,24.1,16.0,20.1,12.0,95.2,76.2,2017-18
17,HUDSON,1200,EAST NEWARK BORO,9999999.0,9374.0,9999999.0,16.0,9999999.0,12.0,9999999.0,76.2,2017-18
17,HUDSON,1850,GUTTENBERG TOWN,9999999.0,9374.0,9999999.0,16.0,9999999.0,12.0,9999999.0,76.2,2017-18
17,HUDSON,2060,HARRISON TOWN,18.0,9374.0,22.1,16.0,11.1,12.0,77.8,76.2,2017-18
17,HUDSON,2210,HOBOKEN CITY,20.0,9374.0,13.4,16.0,10.7,12.0,75.0,76.2,2017-18
17,HUDSON,2295,HUDSON COUNTY VOCATIONAL,20.0,9374.0,21.1,16.0,21.1,12.0,100.0,76.2,2017-18
17,HUDSON,2390,JERSEY CITY,133.0,9374.0,21.0,16.0,20.8,12.0,97.0,76.2,2017-18
17,HUDSON,2410,KEARNY TOWN,27.0,9374.0,23.3,16.0,19.9,12.0,92.6,76.2,2017-18
17,HUDSON,3610,NORTH BERGEN TWP,42.0,9374.0,21.8,16.0,21.7,12.0,100.0,76.2,2017-18
17,HUDSON,4730,SECAUCUS TOWN,16.0,9374.0,12.9,16.0,11.5,12.0,66.7,76.2,2017-18
17,HUDSON,5240,UNION CITY,75.0,9374.0,23.0,16.0,22.7,12.0,98.7,76.2,2017-18
17,HUDSON,5580,WEEHAWKEN TWP,14.0,9374.0,13.2,16.0,13.2,12.0,64.3,76.2,2017-18
17,HUDSON,5670,WEST NEW YORK TOWN,41.0,9374.0,23.3,16.0,22.8,12.0,97.6,76.2,2017-18
19,HUNTERDON,0020,ALEXANDRIA TWP,5.0,9374.0,17.2,16.0,17.2,12.0,100.0,76.2,2017-18
19,HUNTERDON,0370,BETHLEHEM TWP,4.0,9374.0,19.8,16.0,7.3,12.0,50.0,76.2,2017-18
19,HUNTERDON,0430,BLOOMSBURY BORO,1.0,9374.0,12.0,16.0,3.0,12.0,0.0,76.2,2017-18
19,HUNTERDON,0670,CALIFON BORO,4.0,9374.0,15.5,16.0,6.5,12.0,75.0,76.2,2017-18
19,HUNTERDON,0910,CLINTON TOWN,4.0,9374.0,19.3,16.0,6.3,12.0,50.0,76.2,2017-18
19,HUNTERDON,0920,CLINTON TWP,10.0,9374.0,23.6,16.0,7.7,12.0,60.0,76.2,2017-18
19,HUNTERDON,1040,DELAWARE TWP,4.0,9374.0,23.3,16.0,6.0,12.0,50.0,76.2,2017-18
19,HUNTERDON,1050,DELAWARE VALLEY REGIONAL,11.0,9374.0,20.8,16.0,11.5,12.0,90.9,76.2,2017-18
19,HUNTERDON,1160,EAST AMWELL TWP,4.0,9374.0,27.0,16.0,19.0,12.0,100.0,76.2,2017-18
19,HUNTERDON,1376,SOUTH HUNTERDON REGIONAL SCHOOL DISTRICT,8.0,9374.0,11.4,16.0,5.4,12.0,62.5,76.2,2017-18
19,HUNTERDON,1510,FLEMINGTON-RARITAN REG,22.0,9374.0,12.8,16.0,7.8,12.0,63.6,76.2,2017-18
19,HUNTERDON,1600,FRANKLIN TWP,4.0,9374.0,23.5,16.0,3.5,12.0,50.0,76.2,2017-18
19,HUNTERDON,1680,FRENCHTOWN BORO,1.0,9374.0,17.0,16.0,3.0,12.0,0.0,76.2,2017-18
19,HUNTERDON,1970,HAMPTON BORO,2.0,9374.0,17.0,16.0,17.0,12.0,100.0,76.2,2017-18
19,HUNTERDON,2140,HIGH BRIDGE BORO,5.0,9374.0,14.8,16.0,14.8,12.0,80.0,76.2,2017-18
19,HUNTERDON,2220,HOLLAND TWP,4.0,9374.0,23.3,16.0,6.3,12.0,75.0,76.2,2017-18
19,HUNTERDON,2300,HUNTERDON CENTRAL REG,19.0,9374.0,17.9,16.0,10.8,12.0,68.4,76.2,2017-18
19,HUNTERDON,2305,HUNTERDON CO ED SER COMM,7.0,9374.0,18.9,16.0,18.9,12.0,100.0,76.2,2017-18
19,HUNTERDON,2308,HUNTERDON CO VOCATIONAL,2.0,9374.0,4.5,16.0,4.5,12.0,50.0,76.2,2017-18
19,HUNTERDON,2450,KINGWOOD TWP,4.0,9374.0,16.0,16.0,10.0,12.0,50.0,76.2,2017-18
19,HUNTERDON,2590,LEBANON BORO,2.0,9374.0,15.0,16.0,6.0,12.0,100.0,76.2,2017-18
19,HUNTERDON,2600,LEBANON TWP,5.0,9374.0,15.2,16.0,7.2,12.0,60.0,76.2,2017-18
19,HUNTERDON,3180,MILFORD BORO,3.0,9374.0,30.3,16.0,4.7,12.0,33.3,76.2,2017-18
19,HUNTERDON,3660,N HUNT/VOORHEES REGIONAL,19.0,9374.0,18.3,16.0,14.3,12.0,89.5,76.2,2017-18
19,HUNTERDON,4350,READINGTON TWP,12.0,9374.0,20.2,16.0,9.1,12.0,66.7,76.2,2017-18
19,HUNTERDON,5180,TEWKSBURY TWP,2.0,9374.0,22.5,16.0,22.5,12.0,100.0,76.2,2017-18
19,HUNTERDON,5270,UNION TWP,4.0,9374.0,12.0,16.0,9.0,12.0,50.0,76.2,2017-18
21,MERCER,1245,EAST WINDSOR REGIONAL,34.0,9374.0,8.8,16.0,7.0,12.0,50.0,76.2,2017-18
21,MERCER,1430,EWING TWP,22.0,9374.0,22.7,16.0,11.7,12.0,81.8,76.2,2017-18
21,MERCER,1950,HAMILTON TWP,63.0,9374.0,12.6,16.0,12.6,12.0,68.3,76.2,2017-18
21,MERCER,2280,HOPEWELL VALLEY REGIONAL,25.0,9374.0,18.1,16.0,9.8,12.0,68.0,76.2,2017-18
21,MERCER,2580,LAWRENCE TWP,26.0,9374.0,14.7,16.0,10.0,12.0,69.2,76.2,2017-18
21,MERCER,3103,MERCER CO SPECIAL SERVICE,12.0,9374.0,8.5,16.0,8.0,12.0,58.3,76.2,2017-18
21,MERCER,3105,MERCER COUNTY VOCATIONAL,7.0,9374.0,7.3,16.0,5.3,12.0,42.9,76.2,2017-18
21,MERCER,4255,PRINCETON REGIONAL,26.0,9374.0,20.9,16.0,10.3,12.0,76.9,76.2,2017-18
21,MERCER,5210,TRENTON CITY,55.0,9374.0,14.6,16.0,10.3,12.0,71.7,76.2,2017-18
21,MERCER,5510,ROBBINSVILLE TWP,15.0,9374.0,10.2,16.0,10.2,12.0,86.7,76.2,2017-18
21,MERCER,5715,W WINDSOR-PLAINSBORO REG,49.0,9374.0,13.8,16.0,11.1,12.0,73.5,76.2,2017-18
23,MIDDLESEX,0750,CARTERET BORO,19.0,9374.0,18.7,16.0,17.9,12.0,73.7,76.2,2017-18
23,MIDDLESEX,0970,CRANBURY TWP,5.0,9374.0,17.4,16.0,5.6,12.0,60.0,76.2,2017-18
23,MIDDLESEX,1140,DUNELLEN BORO,10.0,9374.0,14.1,16.0,10.9,12.0,90.0,76.2,2017-18
23,MIDDLESEX,1170,EAST BRUNSWICK TWP,46.0,9374.0,20.6,16.0,13.8,12.0,82.6,76.2,2017-18
23,MIDDLESEX,1290,EDISON TWP,53.0,9374.0,19.6,16.0,13.9,12.0,86.8,76.2,2017-18
23,MIDDLESEX,2150,HIGHLAND PARK BORO,11.0,9374.0,17.3,16.0,6.2,12.0,27.3,76.2,2017-18
23,MIDDLESEX,2370,JAMESBURG BORO,6.0,9374.0,19.2,16.0,7.0,12.0,33.3,76.2,2017-18
23,MIDDLESEX,3120,METUCHEN BORO,16.0,9374.0,20.4,16.0,7.4,12.0,62.5,76.2,2017-18
23,MIDDLESEX,3140,MIDDLESEX BORO,13.0,9374.0,9.5,16.0,8.9,12.0,69.2,76.2,2017-18
23,MIDDLESEX,3145,MIDDLESEX CO REG SER COMM,28.0,9374.0,12.1,16.0,12.1,12.0,67.9,76.2,2017-18
23,MIDDLESEX,3150,MIDDLESEX CO VOCATIONAL,26.0,9374.0,18.4,16.0,12.8,12.0,76.9,76.2,2017-18
23,MIDDLESEX,3220,MILLTOWN BORO,6.0,9374.0,19.5,16.0,8.5,12.0,83.3,76.2,2017-18
23,MIDDLESEX,3290,MONROE TWP,28.0,9374.0,20.1,16.0,18.9,12.0,89.3,76.2,2017-18
23,MIDDLESEX,3530,NEW BRUNSWICK CITY,56.0,9374.0,13.6,16.0,8.8,12.0,67.9,76.2,2017-18
23,MIDDLESEX,3620,NORTH BRUNSWICK TWP,43.0,9374.0,12.9,16.0,10.9,12.0,74.4,76.2,2017-18
23,MIDDLESEX,3845,OLD BRIDGE TWP,40.0,9374.0,16.8,16.0,13.3,12.0,95.0,76.2,2017-18
23,MIDDLESEX,4090,PERTH AMBOY CITY,68.0,9374.0,10.7,16.0,10.7,12.0,60.3,76.2,2017-18
23,MIDDLESEX,4130,PISCATAWAY TWP,44.0,9374.0,10.4,16.0,6.9,12.0,52.3,76.2,2017-18
23,MIDDLESEX,4660,SAYREVILLE BORO,28.0,9374.0,16.4,16.0,12.9,12.0,75.0,76.2,2017-18
23,MIDDLESEX,4830,SOUTH AMBOY CITY,6.0,9374.0,17.2,16.0,6.7,12.0,50.0,76.2,2017-18
23,MIDDLESEX,4860,SOUTH BRUNSWICK TWP,53.0,9374.0,16.5,16.0,13.4,12.0,84.9,76.2,2017-18
23,MIDDLESEX,4910,SOUTH PLAINFIELD BORO,22.0,9374.0,9.3,16.0,9.3,12.0,63.6,76.2,2017-18
23,MIDDLESEX,4920,SOUTH RIVER BORO,14.0,9374.0,23.7,16.0,17.9,12.0,85.7,76.2,2017-18
23,MIDDLESEX,4970,SPOTSWOOD BORO,9.0,9374.0,16.7,16.0,12.2,12.0,88.9,76.2,2017-18
23,MIDDLESEX,5850,WOODBRIDGE TWP,63.0,9374.0,21.5,16.0,20.3,12.0,100.0,76.2,2017-18
25,MONMOUTH,0100,ASBURY PARK CITY,26.0,9374.0,20.9,16.0,11.5,12.0,61.5,76.2,2017-18
25,MONMOUTH,0130,ATLANTIC HIGHLANDS BORO,5.0,9374.0,8.6,16.0,8.6,12.0,60.0,76.2,2017-18
25,MONMOUTH,0180,AVON BORO,4.0,9374.0,22.5,16.0,5.3,12.0,50.0,76.2,2017-18
25,MONMOUTH,0225,BAYSHORE JOINTURE COMM,2.0,9374.0,6.5,16.0,6.5,12.0,50.0,76.2,2017-18
25,MONMOUTH,0270,BELMAR BORO,4.0,9374.0,18.0,16.0,10.3,12.0,75.0,76.2,2017-18
25,MONMOUTH,0500,BRADLEY BEACH BORO,4.0,9374.0,16.0,16.0,4.8,12.0,25.0,76.2,2017-18
25,MONMOUTH,0560,BRIELLE BORO,3.0,9374.0,5.7,16.0,5.7,12.0,66.7,76.2,2017-18
25,MONMOUTH,0945,COLTS NECK TWP,9.0,9374.0,17.8,16.0,7.8,12.0,77.8,76.2,2017-18
25,MONMOUTH,1000,DEAL BORO,2.0,9374.0,14.0,16.0,14.0,12.0,100.0,76.2,2017-18
25,MONMOUTH,1260,EATONTOWN BORO,9999999.0,9374.0,9999999.0,16.0,9999999.0,12.0,9999999.0,76.2,2017-18
25,MONMOUTH,1440,FAIR HAVEN BORO,7.0,9374.0,19.4,16.0,9.1,12.0,42.9,76.2,2017-18
25,MONMOUTH,1490,FARMINGDALE BORO,3.0,9374.0,22.0,16.0,13.7,12.0,66.7,76.2,2017-18
25,MONMOUTH,1640,FREEHOLD BORO,11.0,9374.0,11.8,16.0,4.8,12.0,27.3,76.2,2017-18
25,MONMOUTH,1650,FREEHOLD REGIONAL,72.0,9374.0,17.0,16.0,12.7,12.0,81.9,76.2,2017-18
25,MONMOUTH,1660,FREEHOLD TWP,23.0,9374.0,17.2,16.0,12.4,12.0,100.0,76.2,2017-18
25,MONMOUTH,2105,HAZLET TWP,24.0,9374.0,11.5,16.0,10.3,12.0,79.2,76.2,2017-18
25,MONMOUTH,2120,HENRY HUDSON REGIONAL,6.0,9374.0,3.5,16.0,3.2,12.0,50.0,76.2,2017-18
25,MONMOUTH,2160,HIGHLANDS BORO,5.0,9374.0,21.6,16.0,3.6,12.0,60.0,76.2,2017-18
25,MONMOUTH,2230,HOLMDEL TWP,20.0,9374.0,10.8,16.0,10.8,12.0,70.0,76.2,2017-18
25,MONMOUTH,2290,HOWELL TWP,37.0,9374.0,16.3,16.0,15.1,12.0,91.9,76.2,2017-18
25,MONMOUTH,2400,KEANSBURG BORO,15.0,9374.0,11.4,16.0,9.3,12.0,60.0,76.2,2017-18
25,MONMOUTH,2430,KEYPORT BORO,11.0,9374.0,7.5,16.0,7.5,12.0,81.8,76.2,2017-18
25,MONMOUTH,2720,LITTLE SILVER BORO,7.0,9374.0,9.1,16.0,9.1,12.0,42.9,76.2,2017-18
25,MONMOUTH,2770,LONG BRANCH CITY,41.0,9374.0,15.5,16.0,15.5,12.0,92.7,76.2,2017-18
25,MONMOUTH,2920,MANALAPAN-ENGLISHTOWN REG,28.0,9374.0,15.1,16.0,14.1,12.0,92.9,76.2,2017-18
25,MONMOUTH,2930,MANASQUAN BORO,13.0,9374.0,18.1,16.0,18.1,12.0,84.6,76.2,2017-18
25,MONMOUTH,3030,MARLBORO TWP,27.0,9374.0,17.7,16.0,10.4,12.0,77.8,76.2,2017-18
25,MONMOUTH,3040,MATAWAN-ABERDEEN REGIONAL,21.0,9374.0,9.6,16.0,9.5,12.0,71.4,76.2,2017-18
25,MONMOUTH,3160,MIDDLETOWN TWP,48.0,9374.0,18.8,16.0,10.0,12.0,66.7,76.2,2017-18
25,MONMOUTH,3200,MILLSTONE TWP,9.0,9374.0,12.4,16.0,5.9,12.0,55.6,76.2,2017-18
25,MONMOUTH,3250,MONMOUTH BEACH BORO,3.0,9374.0,24.7,16.0,8.7,12.0,66.7,76.2,2017-18
25,MONMOUTH,3255,MONMOUTH-OCEAN ED SER COM,8.0,9374.0,9.9,16.0,5.3,12.0,50.0,76.2,2017-18
25,MONMOUTH,3260,MONMOUTH CO VOCATIONAL,21.0,9374.0,22.9,16.0,16.8,12.0,95.2,76.2,2017-18
25,MONMOUTH,3270,MONMOUTH REGIONAL,11.0,9374.0,14.1,16.0,14.1,12.0,90.9,76.2,2017-18
25,MONMOUTH,3500,NEPTUNE CITY,3.0,9374.0,22.0,16.0,15.3,12.0,100.0,76.2,2017-18
25,MONMOUTH,3510,NEPTUNE TWP,30.0,9374.0,17.4,16.0,11.8,12.0,83.3,76.2,2017-18
25,MONMOUTH,3810,OCEAN TWP,24.0,9374.0,17.8,16.0,14.6,12.0,83.3,76.2,2017-18
25,MONMOUTH,3830,OCEANPORT BORO,6.0,9374.0,21.5,16.0,5.0,12.0,75.0,76.2,2017-18
25,MONMOUTH,4360,RED BANK BORO,10.0,9374.0,15.7,16.0,7.2,12.0,80.0,76.2,2017-18
25,MONMOUTH,4365,RED BANK REGIONAL,12.0,9374.0,8.5,16.0,8.5,12.0,66.7,76.2,2017-18
25,MONMOUTH,4520,ROOSEVELT BORO,1.0,9374.0,21.0,16.0,21.0,12.0,100.0,76.2,2017-18
25,MONMOUTH,4570,RUMSON BORO,7.0,9374.0,17.0,16.0,5.6,12.0,28.6,76.2,2017-18
25,MONMOUTH,4580,RUMSON-FAIR HAVEN REG,11.0,9374.0,20.2,16.0,11.5,12.0,81.8,76.2,2017-18
25,MONMOUTH,4690,SEA GIRT BORO,2.0,9374.0,16.0,16.0,0.5,12.0,0.0,76.2,2017-18
25,MONMOUTH,4760,SHORE REGIONAL,7.0,9374.0,11.9,16.0,5.0,12.0,57.1,76.2,2017-18
25,MONMOUTH,4770,SHREWSBURY BORO,4.0,9374.0,8.5,16.0,8.5,12.0,50.0,76.2,2017-18
25,MONMOUTH,4980,SPRING LAKE BORO,3.0,9374.0,23.3,16.0,0.3,12.0,0.0,76.2,2017-18
25,MONMOUTH,4990,SPRING LAKE HEIGHTS BORO,3.0,9374.0,16.0,16.0,7.0,12.0,66.7,76.2,2017-18
25,MONMOUTH,5185,TINTON FALLS,9.0,9374.0,18.0,16.0,7.6,12.0,66.7,76.2,2017-18
25,MONMOUTH,5230,UNION BEACH,6.0,9374.0,6.8,16.0,6.8,12.0,50.0,76.2,2017-18
25,MONMOUTH,5310,UPPER FREEHOLD REGIONAL,15.0,9374.0,16.6,16.0,14.5,12.0,73.3,76.2,2017-18
25,MONMOUTH,5420,WALL TWP,22.0,9374.0,12.1,16.0,11.0,12.0,59.1,76.2,2017-18
25,MONMOUTH,5640,WEST LONG BRANCH BORO,5.0,9374.0,15.6,16.0,13.0,12.0,40.0,76.2,2017-18
27,MORRIS,0450,BOONTON TOWN,12.0,9374.0,6.8,16.0,6.8,12.0,33.3,76.2,2017-18
27,MORRIS,0460,BOONTON TWP,4.0,9374.0,19.3,16.0,6.0,12.0,50.0,76.2,2017-18
27,MORRIS,0630,BUTLER BORO,10.0,9374.0,21.2,16.0,13.4,12.0,90.0,76.2,2017-18
27,MORRIS,0785,SCH DIST OF THE CHATHAMS,27.0,9374.0,17.8,16.0,7.7,12.0,65.4,76.2,2017-18
27,MORRIS,0820,CHESTER TWP,7.0,9374.0,14.4,16.0,7.9,12.0,71.4,76.2,2017-18
27,MORRIS,1090,DENVILLE TWP,10.0,9374.0,8.2,16.0,6.3,12.0,60.0,76.2,2017-18
27,MORRIS,1110,DOVER TOWN,19.0,9374.0,21.3,16.0,14.7,12.0,84.2,76.2,2017-18
27,MORRIS,1190,EAST HANOVER TWP,9.0,9374.0,11.0,16.0,8.0,12.0,55.6,76.2,2017-18
27,MORRIS,1530,FLORHAM PARK BORO,8.0,9374.0,10.9,16.0,8.9,12.0,50.0,76.2,2017-18
27,MORRIS,1990,HANOVER PARK REGIONAL,12.0,9374.0,10.7,16.0,10.7,12.0,83.3,76.2,2017-18
27,MORRIS,2000,HANOVER TWP,9.0,9374.0,14.3,16.0,11.0,12.0,77.8,76.2,2017-18
27,MORRIS,2010,HARDING TOWNSHIP,4.0,9374.0,5.8,16.0,1.5,12.0,25.0,76.2,2017-18
27,MORRIS,2380,JEFFERSON TWP,23.0,9374.0,9.1,16.0,9.1,12.0,82.6,76.2,2017-18
27,MORRIS,2460,KINNELON BORO,16.0,9374.0,6.3,16.0,6.3,12.0,50.0,76.2,2017-18
27,MORRIS,2650,LINCOLN PARK BORO,6.0,9374.0,24.2,16.0,7.5,12.0,83.3,76.2,2017-18
27,MORRIS,2870,MADISON BORO,19.0,9374.0,15.4,16.0,6.5,12.0,57.9,76.2,2017-18
27,MORRIS,3090,MENDHAM BORO,6.0,9374.0,14.3,16.0,4.7,12.0,50.0,76.2,2017-18
27,MORRIS,3100,MENDHAM TWP,5.0,9374.0,13.8,16.0,5.0,12.0,80.0,76.2,2017-18
27,MORRIS,3240,MINE HILL TWP,3.0,9374.0,12.7,16.0,2.3,12.0,33.3,76.2,2017-18
27,MORRIS,3340,MONTVILLE TWP,24.0,9374.0,8.0,16.0,6.5,12.0,79.2,76.2,2017-18
27,MORRIS,3364,EDUC SERV COMM MORRIS CO,4.0,9374.0,26.8,16.0,23.3,12.0,100.0,76.2,2017-18
27,MORRIS,3365,MORRIS COUNTY VOCATIONAL,9.0,9374.0,16.6,16.0,7.2,12.0,77.8,76.2,2017-18
27,MORRIS,3370,MORRIS HILLS REGIONAL,27.0,9374.0,18.6,16.0,10.7,12.0,81.5,76.2,2017-18
27,MORRIS,3380,MORRIS PLAINS BORO,5.0,9374.0,15.0,16.0,4.0,12.0,40.0,76.2,2017-18
27,MORRIS,3385,MORRIS SCHOOL DISTRICT,33.0,9374.0,9.8,16.0,8.9,12.0,69.7,76.2,2017-18
27,MORRIS,3410,MOUNT ARLINGTON BORO,5.0,9374.0,17.0,16.0,9.6,12.0,60.0,76.2,2017-18
27,MORRIS,3450,MOUNT OLIVE TWP,26.0,9374.0,10.7,16.0,10.7,12.0,76.9,76.2,2017-18
27,MORRIS,3460,MOUNTAIN LAKES BORO,15.0,9374.0,15.1,16.0,11.3,12.0,73.3,76.2,2017-18
27,MORRIS,3520,NETCONG BORO,3.0,9374.0,14.0,16.0,4.0,12.0,66.7,76.2,2017-18
27,MORRIS,3950,PARSIPPANY-TROY HILLS TWP,42.0,9374.0,9.9,16.0,9.9,12.0,64.3,76.2,2017-18
27,MORRIS,4000,LONG HILL TWP,8.0,9374.0,8.6,16.0,5.0,12.0,50.0,76.2,2017-18
27,MORRIS,4080,PEQUANNOCK TWP,17.0,9374.0,16.5,16.0,7.6,12.0,52.9,76.2,2017-18
27,MORRIS,4330,RANDOLPH TWP,29.0,9374.0,11.0,16.0,9.4,12.0,65.5,76.2,2017-18
27,MORRIS,4440,RIVERDALE BORO,2.0,9374.0,19.0,16.0,1.0,12.0,0.0,76.2,2017-18
27,MORRIS,4480,ROCKAWAY BORO,5.0,9374.0,13.2,16.0,8.0,12.0,40.0,76.2,2017-18
27,MORRIS,4490,ROCKAWAY TWP,12.0,9374.0,5.2,16.0,5.2,12.0,41.7,76.2,2017-18
27,MORRIS,4560,ROXBURY TWP,29.0,9374.0,17.8,16.0,7.7,12.0,62.1,76.2,2017-18
27,MORRIS,5520,WASHINGTON TWP,10.0,9374.0,22.0,16.0,15.3,12.0,100.0,76.2,2017-18
27,MORRIS,5660,WEST MORRIS REGIONAL,19.0,9374.0,23.3,16.0,15.2,12.0,84.2,76.2,2017-18
27,MORRIS,5770,WHARTON BORO,5.0,9374.0,16.2,16.0,12.4,12.0,100.0,76.2,2017-18
29,OCEAN,0185,BARNEGAT TWP,17.0,9374.0,8.5,16.0,8.5,12.0,70.6,76.2,2017-18
29,OCEAN,0210,BAY HEAD BORO,3.0,9374.0,21.3,16.0,3.3,12.0,66.7,76.2,2017-18
29,OCEAN,0230,BEACH HAVEN BORO,1.0,9374.0,18.0,16.0,2.0,12.0,0.0,76.2,2017-18
29,OCEAN,0320,BERKELEY TWP,12.0,9374.0,16.5,16.0,10.2,12.0,91.7,76.2,2017-18
29,OCEAN,0530,BRICK TWP,41.0,9374.0,17.6,16.0,17.6,12.0,90.2,76.2,2017-18
29,OCEAN,0770,CENTRAL REGIONAL,14.0,9374.0,11.8,16.0,11.8,12.0,85.7,76.2,2017-18
29,OCEAN,1150,EAGLESWOOD TWP,2.0,9374.0,15.0,16.0,9.5,12.0,100.0,76.2,2017-18
29,OCEAN,2350,ISLAND HEIGHTS BORO,2.0,9374.0,24.5,16.0,7.0,12.0,50.0,76.2,2017-18
29,OCEAN,2360,JACKSON TWP,41.0,9374.0,20.9,16.0,12.0,12.0,92.7,76.2,2017-18
29,OCEAN,2480,LACEY TWP,26.0,9374.0,14.9,16.0,12.2,12.0,69.2,76.2,2017-18
29,OCEAN,2500,LAKEHURST BORO,4.0,9374.0,19.8,16.0,14.5,12.0,75.0,76.2,2017-18
29,OCEAN,2520,LAKEWOOD TWP,27.0,9374.0,11.6,16.0,11.2,12.0,88.9,76.2,2017-18
29,OCEAN,2550,LAVALLETTE BORO,2.0,9374.0,22.5,16.0,15.0,12.0,100.0,76.2,2017-18
29,OCEAN,2690,LITTLE EGG HARBOR TWP,11.0,9374.0,12.9,16.0,11.7,12.0,63.6,76.2,2017-18
29,OCEAN,2760,LONG BEACH ISLAND,3.0,9374.0,5.7,16.0,2.0,12.0,0.0,76.2,2017-18
29,OCEAN,2940,MANCHESTER TWP,20.0,9374.0,21.1,16.0,15.5,12.0,95.0,76.2,2017-18
29,OCEAN,3790,OCEAN COUNTY VOCATIONAL,14.0,9374.0,17.9,16.0,17.9,12.0,100.0,76.2,2017-18
29,OCEAN,3800,OCEAN GATE BORO,2.0,9374.0,16.0,16.0,8.0,12.0,100.0,76.2,2017-18
29,OCEAN,3820,OCEAN TWP,4.0,9374.0,14.3,16.0,8.8,12.0,100.0,76.2,2017-18
29,OCEAN,4105,PINELANDS REGIONAL,14.0,9374.0,21.1,16.0,12.6,12.0,85.7,76.2,2017-18
29,OCEAN,4190,PLUMSTED TWP,14.0,9374.0,18.3,16.0,8.1,12.0,64.3,76.2,2017-18
29,OCEAN,4210,POINT PLEASANT BORO,19.0,9374.0,14.2,16.0,14.2,12.0,100.0,76.2,2017-18
29,OCEAN,4220,POINT PLEASANT BEACH BORO,7.0,9374.0,19.1,16.0,10.1,12.0,57.1,76.2,2017-18
29,OCEAN,4710,SEASIDE HEIGHTS BORO,1.0,9374.0,5.0,16.0,5.0,12.0,100.0,76.2,2017-18
29,OCEAN,4950,SOUTHERN REGIONAL,18.0,9374.0,19.1,16.0,18.8,12.0,100.0,76.2,2017-18
29,OCEAN,5020,STAFFORD TWP,13.0,9374.0,14.2,16.0,14.2,12.0,69.2,76.2,2017-18
29,OCEAN,5190,TOMS RIVER REGIONAL,71.0,9374.0,21.4,16.0,16.7,12.0,77.5,76.2,2017-18
29,OCEAN,5220,TUCKERTON BORO,2.0,9374.0,8.5,16.0,5.0,12.0,50.0,76.2,2017-18
31,PASSAIC,0420,BLOOMINGDALE BORO,6.0,9374.0,29.5,16.0,8.8,12.0,66.7,76.2,2017-18
31,PASSAIC,0900,CLIFTON CITY,53.0,9374.0,20.7,16.0,15.6,12.0,98.1,76.2,2017-18
31,PASSAIC,1920,HALEDON BORO,8.0,9374.0,12.1,16.0,5.4,12.0,50.0,76.2,2017-18
31,PASSAIC,2100,HAWTHORNE BORO,17.0,9374.0,12.0,16.0,8.0,12.0,47.1,76.2,2017-18
31,PASSAIC,2510,LAKELAND REGIONAL,10.0,9374.0,23.6,16.0,9.2,12.0,70.0,76.2,2017-18
31,PASSAIC,2700,LITTLE FALLS TWP,5.0,9374.0,2.4,16.0,2.4,12.0,20.0,76.2,2017-18
31,PASSAIC,3640,NORTH HALEDON BORO,7.0,9374.0,14.4,16.0,5.7,12.0,28.6,76.2,2017-18
31,PASSAIC,3970,PASSAIC CITY,80.0,9374.0,18.0,16.0,15.4,12.0,85.0,76.2,2017-18
31,PASSAIC,3975,NORTHERN REGION EDUCATIONAL SERVICES COMMISSION,3.0,9374.0,10.0,16.0,7.7,12.0,66.7,76.2,2017-18
31,PASSAIC,3980,PASSAIC CO MANCHESTER REG,7.0,9374.0,12.4,16.0,8.0,12.0,71.4,76.2,2017-18
31,PASSAIC,3990,PASSAIC VALLEY REGIONAL,12.0,9374.0,21.8,16.0,10.5,12.0,66.7,76.2,2017-18
31,PASSAIC,3995,PASSAIC COUNTY VOCATIONAL,23.0,9374.0,16.6,16.0,14.0,12.0,87.0,76.2,2017-18
31,PASSAIC,4010,PATERSON CITY,232.0,9374.0,17.8,16.0,17.6,12.0,93.1,76.2,2017-18
31,PASSAIC,4230,POMPTON LAKES BORO,17.0,9374.0,23.0,16.0,17.1,12.0,88.2,76.2,2017-18
31,PASSAIC,4270,PROSPECT PARK BORO,5.0,9374.0,16.8,16.0,7.4,12.0,80.0,76.2,2017-18
31,PASSAIC,4400,RINGWOOD BORO,8.0,9374.0,16.3,16.0,10.1,12.0,62.5,76.2,2017-18
31,PASSAIC,5200,TOTOWA BORO,7.0,9374.0,6.7,16.0,6.7,12.0,42.9,76.2,2017-18
31,PASSAIC,5440,WANAQUE BORO,6.0,9374.0,18.8,16.0,7.3,12.0,100.0,76.2,2017-18
31,PASSAIC,5570,WAYNE TWP,42.0,9374.0,8.8,16.0,6.9,12.0,61.9,76.2,2017-18
31,PASSAIC,5650,WEST MILFORD TWP,25.0,9374.0,11.2,16.0,9.6,12.0,72.0,76.2,2017-18
31,PASSAIC,5690,WOODLAND PARK,8.0,9374.0,9.3,16.0,9.3,12.0,50.0,76.2,2017-18
33,SALEM,0060,ALLOWAY TWP,4.0,9374.0,18.3,16.0,9.5,12.0,50.0,76.2,2017-18
33,SALEM,1350,ELSINBORO TWP,1.0,9374.0,16.0,16.0,9.0,12.0,100.0,76.2,2017-18
33,SALEM,2800,LOWER ALLOWAYS CREEK,2.0,9374.0,15.0,16.0,1.5,12.0,0.0,76.2,2017-18
33,SALEM,2950,MANNINGTON TWP,2.0,9374.0,16.0,16.0,4.0,12.0,100.0,76.2,2017-18
33,SALEM,3860,OLDMANS TWP,3.0,9374.0,12.3,16.0,12.3,12.0,66.7,76.2,2017-18
33,SALEM,4070,PENNS GRV-CARNEY'S PT REG,16.0,9374.0,17.4,16.0,9.9,12.0,50.0,76.2,2017-18
33,SALEM,4075,PENNSVILLE,14.0,9374.0,18.9,16.0,11.8,12.0,85.7,76.2,2017-18
33,SALEM,4150,PITTSGROVE TWP,17.0,9374.0,19.0,16.0,13.1,12.0,76.5,76.2,2017-18
33,SALEM,4280,QUINTON TWP,3.0,9374.0,25.3,16.0,9.7,12.0,100.0,76.2,2017-18
33,SALEM,4630,SALEM CITY,12.0,9374.0,17.3,16.0,7.2,12.0,45.5,76.2,2017-18
33,SALEM,4635,SALEM CO SPECIAL SERVICE,10.0,9374.0,14.2,16.0,11.9,12.0,100.0,76.2,2017-18
33,SALEM,4640,SALEM COUNTY VOCATIONAL,6.0,9374.0,18.0,16.0,10.0,12.0,100.0,76.2,2017-18
33,SALEM,5320,UPPER PITTSGROVE TWP,2.0,9374.0,18.5,16.0,13.0,12.0,100.0,76.2,2017-18
33,SALEM,5910,WOODSTOWN-PILESGROVE REG,11.0,9374.0,20.2,16.0,12.1,12.0,81.8,76.2,2017-18
35,SOMERSET,0240,BEDMINSTER TWP,5.0,9374.0,5.6,16.0,3.6,12.0,40.0,76.2,2017-18
35,SOMERSET,0350,BERNARDS TWP,32.0,9374.0,12.0,16.0,12.0,12.0,93.8,76.2,2017-18
35,SOMERSET,0490,BOUND BROOK BORO,12.0,9374.0,12.8,16.0,6.7,12.0,66.7,76.2,2017-18
35,SOMERSET,0510,BRANCHBURG TWP,9.0,9374.0,15.0,16.0,7.9,12.0,66.7,76.2,2017-18
35,SOMERSET,0555,BRIDGEWATER-RARITAN REG,44.0,9374.0,11.8,16.0,11.4,12.0,79.5,76.2,2017-18
35,SOMERSET,1610,FRANKLIN TWP,44.0,9374.0,13.2,16.0,10.2,12.0,72.7,76.2,2017-18
35,SOMERSET,1810,GREEN BROOK TWP,6.0,9374.0,5.7,16.0,3.7,12.0,16.7,76.2,2017-18
35,SOMERSET,2170,HILLSBOROUGH TWP,35.0,9374.0,20.0,16.0,11.9,12.0,85.7,76.2,2017-18
35,SOMERSET,3000,MANVILLE BORO,10.0,9374.0,12.4,16.0,12.4,12.0,70.0,76.2,2017-18
35,SOMERSET,3320,MONTGOMERY TWP,38.0,9374.0,11.7,16.0,9.4,12.0,81.6,76.2,2017-18
35,SOMERSET,3670,NORTH PLAINFIELD BORO,25.0,9374.0,14.6,16.0,11.9,12.0,68.0,76.2,2017-18
35,SOMERSET,4805,SOMERSET CO ED SERV COMM,7.0,9374.0,18.3,16.0,11.3,12.0,57.1,76.2,2017-18
35,SOMERSET,4810,SOMERSET CO VOCATIONAL,10.0,9374.0,17.8,16.0,11.5,12.0,70.0,76.2,2017-18
35,SOMERSET,4815,SOMERSET HILLS REGIONAL,15.0,9374.0,10.1,16.0,8.5,12.0,80.0,76.2,2017-18
35,SOMERSET,4820,SOMERVILLE BORO,19.0,9374.0,10.8,16.0,9.9,12.0,68.4,76.2,2017-18
35,SOMERSET,4850,SOUTH BOUND BROOK,4.0,9374.0,8.0,16.0,5.3,12.0,50.0,76.2,2017-18
35,SOMERSET,5470,WARREN TWP,12.0,9374.0,10.8,16.0,7.0,12.0,58.3,76.2,2017-18
35,SOMERSET,5540,WATCHUNG BORO,4.0,9374.0,18.3,16.0,15.3,12.0,75.0,76.2,2017-18
35,SOMERSET,5550,WATCHUNG HILLS REGIONAL,18.0,9374.0,13.6,16.0,11.9,12.0,77.8,76.2,2017-18
37,SUSSEX,0090,ANDOVER REG,7.0,9374.0,6.7,16.0,4.0,12.0,14.3,76.2,2017-18
37,SUSSEX,0640,BYRAM TWP,6.0,9374.0,14.7,16.0,5.5,12.0,66.7,76.2,2017-18
37,SUSSEX,1560,FRANKFORD TWP,4.0,9374.0,12.5,16.0,12.5,12.0,100.0,76.2,2017-18
37,SUSSEX,1570,FRANKLIN BORO,3.0,9374.0,13.0,16.0,1.0,12.0,0.0,76.2,2017-18
37,SUSSEX,1630,FREDON TWP,3.0,9374.0,0.7,16.0,0.7,12.0,0.0,76.2,2017-18
37,SUSSEX,1800,GREEN TWP,3.0,9374.0,16.7,16.0,7.0,12.0,66.7,76.2,2017-18
37,SUSSEX,1930,HAMBURG BORO,2.0,9374.0,23.5,16.0,6.0,12.0,50.0,76.2,2017-18
37,SUSSEX,1980,HAMPTON TWP,5.0,9374.0,18.4,16.0,6.2,12.0,20.0,76.2,2017-18
37,SUSSEX,2030,HARDYSTON TWP,4.0,9374.0,13.0,16.0,2.8,12.0,25.0,76.2,2017-18
37,SUSSEX,2165,HIGH POINT REGIONAL,10.0,9374.0,17.6,16.0,12.9,12.0,80.0,76.2,2017-18
37,SUSSEX,2240,HOPATCONG,16.0,9374.0,11.8,16.0,10.0,12.0,75.0,76.2,2017-18
37,SUSSEX,2465,KITTATINNY REGIONAL,11.0,9374.0,21.5,16.0,17.7,12.0,100.0,76.2,2017-18
37,SUSSEX,2490,LAFAYETTE TWP,3.0,9374.0,7.7,16.0,2.7,12.0,33.3,76.2,2017-18
37,SUSSEX,2615,LENAPE VALLEY REGIONAL,9.0,9374.0,25.2,16.0,18.8,12.0,88.9,76.2,2017-18
37,SUSSEX,3300,MONTAGUE TWP,3.0,9374.0,6.0,16.0,1.7,12.0,33.3,76.2,2017-18
37,SUSSEX,3590,NEWTON TOWN,10.0,9374.0,14.6,16.0,13.0,12.0,90.0,76.2,2017-18
37,SUSSEX,3840,OGDENSBURG BORO,4.0,9374.0,6.0,16.0,3.8,12.0,50.0,76.2,2017-18
37,SUSSEX,4650,SANDYSTON-WALPACK TWP,1.0,9374.0,24.0,16.0,1.0,12.0,0.0,76.2,2017-18
37,SUSSEX,4960,SPARTA TWP,25.0,9374.0,10.8,16.0,9.3,12.0,76.0,76.2,2017-18
37,SUSSEX,5030,STANHOPE BORO,3.0,9374.0,8.3,16.0,2.7,12.0,0.0,76.2,2017-18
37,SUSSEX,5040,STILLWATER TWP,4.0,9374.0,10.0,16.0,4.8,12.0,50.0,76.2,2017-18
37,SUSSEX,5100,SUSSEX-WANTAGE REGIONAL,7.0,9374.0,7.9,16.0,5.6,12.0,71.4,76.2,2017-18
37,SUSSEX,5105,SUSSEX CO ED SERV COMM,2.0,9374.0,4.0,16.0,4.0,12.0,100.0,76.2,2017-18
37,SUSSEX,5110,SUSSEX COUNTY VOCATIONAL,5.0,9374.0,13.8,16.0,8.0,12.0,100.0,76.2,2017-18
37,SUSSEX,5360,VERNON TWP,22.0,9374.0,20.1,16.0,14.1,12.0,77.3,76.2,2017-18
37,SUSSEX,5435,WALLKILL VALLEY REGIONAL,7.0,9374.0,13.1,16.0,8.7,12.0,85.7,76.2,2017-18
39,UNION,0310,BERKELEY HEIGHTS TWP,20.0,9374.0,18.8,16.0,9.8,12.0,75.0,76.2,2017-18
39,UNION,0850,CLARK TWP,13.0,9374.0,14.8,16.0,11.2,12.0,69.2,76.2,2017-18
39,UNION,0980,CRANFORD TWP,25.0,9374.0,20.2,16.0,11.1,12.0,64.0,76.2,2017-18
39,UNION,1320,ELIZABETH CITY,99.0,9374.0,18.3,16.0,18.3,12.0,99.0,76.2,2017-18
39,UNION,1710,GARWOOD BORO,3.0,9374.0,18.5,16.0,15.5,12.0,100.0,76.2,2017-18
39,UNION,2190,HILLSIDE TWP,24.0,9374.0,21.5,16.0,15.7,12.0,79.2,76.2,2017-18
39,UNION,2420,KENILWORTH BORO,11.0,9374.0,20.5,16.0,8.4,12.0,54.5,76.2,2017-18
39,UNION,2660,LINDEN CITY,45.0,9374.0,20.0,16.0,18.3,12.0,100.0,76.2,2017-18
39,UNION,3395,MORRIS-UNION JOINTURE COM,9.0,9374.0,16.7,16.0,15.6,12.0,100.0,76.2,2017-18
39,UNION,3470,MOUNTAINSIDE BORO,4.0,9374.0,18.8,16.0,4.5,12.0,50.0,76.2,2017-18
39,UNION,3560,NEW PROVIDENCE BORO,14.0,9374.0,17.9,16.0,11.2,12.0,85.7,76.2,2017-18
39,UNION,4160,PLAINFIELD CITY,41.0,9374.0,23.0,16.0,14.6,12.0,87.8,76.2,2017-18
39,UNION,4290,RAHWAY CITY,24.0,9374.0,14.7,16.0,14.2,12.0,87.5,76.2,2017-18
39,UNION,4540,ROSELLE BORO,17.0,9374.0,11.4,16.0,10.1,12.0,70.6,76.2,2017-18
39,UNION,4550,ROSELLE PARK BORO,15.0,9374.0,21.2,16.0,15.3,12.0,80.0,76.2,2017-18
39,UNION,4670,SCOTCH PLAINS-FANWOOD REG,29.0,9374.0,13.9,16.0,8.7,12.0,75.9,76.2,2017-18
39,UNION,5000,SPRINGFIELD TWP,16.0,9374.0,10.6,16.0,8.8,12.0,81.3,76.2,2017-18
39,UNION,5090,SUMMIT CITY,32.0,9374.0,10.2,16.0,10.2,12.0,59.4,76.2,2017-18
39,UNION,5245,UNION CO ED SERV COMM,16.0,9374.0,16.6,16.0,9.7,12.0,75.0,76.2,2017-18
39,UNION,5260,UNION COUNTY VOCATIONAL,19.0,9374.0,15.1,16.0,13.1,12.0,78.9,76.2,2017-18
39,UNION,5290,UNION TWP,41.0,9374.0,18.2,16.0,16.8,12.0,92.7,76.2,2017-18
39,UNION,5730,WESTFIELD TOWN,30.0,9374.0,12.1,16.0,11.7,12.0,76.7,76.2,2017-18
39,UNION,5810,WINFIELD TWP,2.0,9374.0,7.0,16.0,2.5,12.0,0.0,76.2,2017-18
41,WARREN,0030,ALLAMUCHY TWP,3.0,9374.0,8.0,16.0,8.0,12.0,66.7,76.2,2017-18
41,WARREN,0070,ALPHA BORO,2.0,9374.0,20.0,16.0,9.5,12.0,50.0,76.2,2017-18
41,WARREN,0280,BELVIDERE TOWN,7.0,9374.0,15.7,16.0,7.2,12.0,66.7,76.2,2017-18
41,WARREN,0400,BLAIRSTOWN TWP,5.0,9374.0,15.2,16.0,5.2,12.0,60.0,76.2,2017-18
41,WARREN,1620,FRANKLIN TWP,3.0,9374.0,22.7,16.0,13.0,12.0,100.0,76.2,2017-18
41,WARREN,1670,FRELINGHUYSEN TWP,1.0,9374.0,0.0,16.0,1.0,12.0,0.0,76.2,2017-18
41,WARREN,1785,GREAT MEADOWS REGIONAL,6.0,9374.0,13.7,16.0,4.0,12.0,16.7,76.2,2017-18
41,WARREN,1840,GREENWICH TWP,3.0,9374.0,24.3,16.0,11.3,12.0,100.0,76.2,2017-18
41,WARREN,1870,HACKETTSTOWN,14.0,9374.0,11.4,16.0,5.8,12.0,57.1,76.2,2017-18
41,WARREN,2040,HARMONY TWP,3.0,9374.0,12.3,16.0,4.3,12.0,66.7,76.2,2017-18
41,WARREN,2250,HOPE TWP,3.0,9374.0,17.0,16.0,5.0,12.0,50.0,76.2,2017-18
41,WARREN,2470,KNOWLTON TWP,3.0,9374.0,12.3,16.0,5.0,12.0,33.3,76.2,2017-18
41,WARREN,2790,LOPATCONG TWP,3.0,9374.0,18.3,16.0,6.7,12.0,66.7,76.2,2017-18
41,WARREN,2970,MANSFIELD TWP,4.0,9374.0,26.7,16.0,11.3,12.0,75.0,76.2,2017-18
41,WARREN,3675,NORTH WARREN REGIONAL,8.0,9374.0,16.3,16.0,11.6,12.0,62.5,76.2,2017-18
41,WARREN,3890,OXFORD TWP,2.0,9374.0,18.5,16.0,8.0,12.0,100.0,76.2,2017-18
41,WARREN,4100,PHILLIPSBURG TOWN,23.0,9374.0,22.6,16.0,19.1,12.0,95.7,76.2,2017-18
41,WARREN,4200,POHATCONG TWP,3.0,9374.0,21.0,16.0,10.0,12.0,66.7,76.2,2017-18
41,WARREN,5450,WARREN CO SPECIAL SERVICE,1.0,9374.0,5.0,16.0,5.0,12.0,100.0,76.2,2017-18
41,WARREN,5460,WARREN COUNTY VOCATIONAL,5.0,9374.0,20.2,16.0,11.8,12.0,100.0,76.2,2017-18
41,WARREN,5465,WARREN HILLS REGIONAL,13.0,9374.0,16.5,16.0,6.6,12.0,53.8,76.2,2017-18
41,WARREN,5480,WASHINGTON BORO,5.0,9374.0,21.8,16.0,11.4,12.0,80.0,76.2,2017-18
41,WARREN,5530,WASHINGTON TWP,4.0,9374.0,5.3,16.0,4.3,12.0,25.0,76.2,2017-18
41,WARREN,5780,WHITE TWP,3.0,9374.0,21.5,16.0,12.5,12.0,100.0,76.2,2017-18
80,CHARTERS,6010,ACADEMY CHARTER HIGH SCHOOL,3.0,9374.0,18.0,16.0,9.0,12.0,66.7,76.2,2017-18
80,CHARTERS,6013,BERGEN ARTS AND SCIENCES CHARTER SCHOOL,3.0,9374.0,8.3,16.0,7.3,12.0,66.7,76.2,2017-18
80,CHARTERS,6017,FOUNDATION ACADEMY CS,5.0,9374.0,10.2,16.0,5.8,12.0,80.0,76.2,2017-18
80,CHARTERS,6018,CENTRAL JERSEY COLLEGE PREP CHARTER SCHOOL,4.0,9374.0,5.8,16.0,4.5,12.0,75.0,76.2,2017-18
80,CHARTERS,6020,PRIDE ACADEMY CHARTER SCHOOL,6.0,9374.0,12.5,16.0,8.3,12.0,100.0,76.2,2017-18
80,CHARTERS,6021,COMMUNITY CHARTER SCHOOL OF PATERSO,16.0,9374.0,13.0,16.0,4.5,12.0,100.0,76.2,2017-18
80,CHARTERS,6022,BURCH CHARTER SCHOOL OF EXCELLENCE,3.0,9374.0,6.5,16.0,6.5,12.0,100.0,76.2,2017-18
80,CHARTERS,6025,PAUL ROBESON HUMANITIES  CHARTER SCHOOL,3.0,9374.0,6.7,16.0,1.3,12.0,0.0,76.2,2017-18
80,CHARTERS,6026,RIVERBANK CHARTER SCHOOL OF EXCELLE,2.0,9374.0,18.5,16.0,8.0,12.0,100.0,76.2,2017-18
80,CHARTERS,6028,VINELAND PUBLIC CHARTER SCHOOL,3.0,9374.0,9.3,16.0,4.0,12.0,66.7,76.2,2017-18
80,CHARTERS,6029,NEWARK EDUCATORS COMMUNITY CHARTER SCHOOL,4.0,9374.0,11.5,16.0,5.0,12.0,75.0,76.2,2017-18
80,CHARTERS,6030,THE ETHICAL COMMUNITY CHARTER SCHOOL,6.0,9374.0,13.2,16.0,4.4,12.0,60.0,76.2,2017-18
80,CHARTERS,6032,ACADEMY FOR URBAN LEADERSHIP CHARTER SCHOOL,5.0,9374.0,17.8,16.0,1.6,12.0,0.0,76.2,2017-18
80,CHARTERS,6033,THE BARACK OBAMA GREEN CHARTER HIGH SCHOOL,4.0,9374.0,9.3,16.0,4.3,12.0,66.7,76.2,2017-18
80,CHARTERS,6036,HOLA HOBOKEN DUAL LANG CS,1.0,9374.0,7.0,16.0,2.0,12.0,0.0,76.2,2017-18
80,CHARTERS,6041,HATIKVAH INTERNATIONAL CS,3.0,9374.0,20.3,16.0,5.0,12.0,66.7,76.2,2017-18
80,CHARTERS,6053,GREAT OAKS LEGACY CHARTER SCHOOL,11.0,9374.0,6.4,16.0,3.3,12.0,62.5,76.2,2017-18
80,CHARTERS,6057,PEOPLES PREPARATORY CHARTER SCHOOL,3.0,9374.0,12.0,16.0,7.0,12.0,100.0,76.2,2017-18
80,CHARTERS,6058,ROSEVILLE COMMUNITY CS,4.0,9374.0,16.5,16.0,2.0,12.0,25.0,76.2,2017-18
80,CHARTERS,6060,ATLANTIC COMMUNITY CHARTER SCHOOL,2.0,9374.0,26.0,16.0,0.5,12.0,0.0,76.2,2017-18
80,CHARTERS,6064,DR LENA EDWARDS ACADEMIC CHARTER SCHOOL,2.0,9374.0,12.0,16.0,4.0,12.0,100.0,76.2,2017-18
80,CHARTERS,6067,KINGDOM CS OF LEADERSHIP,6.0,9374.0,15.0,16.0,3.7,12.0,66.7,76.2,2017-18
80,CHARTERS,6068,M E T S CHARTER SCHOOL,6.0,9374.0,10.3,16.0,1.7,12.0,33.3,76.2,2017-18
80,CHARTERS,6069,MILLVILLE PUBLIC CHARTER SCHOOL,3.0,9374.0,1.0,16.0,1.0,12.0,0.0,76.2,2017-18
80,CHARTERS,6076,BENJAMIN BANNEKER PREP CS,3.0,9374.0,12.3,16.0,5.0,12.0,100.0,76.2,2017-18
80,CHARTERS,6079,JOHN P HOLLAND CHARTER SCHOOL,4.0,9374.0,13.0,16.0,3.5,12.0,25.0,76.2,2017-18
80,CHARTERS,6080,PASSAIC ARTS AND SCIENCE CHARTER SCHOOL,9999999.0,9374.0,9999999.0,16.0,9999999.0,12.0,9999999.0,76.2,2017-18
80,CHARTERS,6081,THOMAS EDISON ENERGYSMART CHARTER SCHOOL,5.0,9374.0,9.0,16.0,4.4,12.0,100.0,76.2,2017-18
80,CHARTERS,6082,BELOVED COMMUNITY CHARTER SCHOOL,3.0,9374.0,14.3,16.0,4.3,12.0,66.7,76.2,2017-18
80,CHARTERS,6086,HOPE COMMUNITY CS,2.0,9374.0,22.0,16.0,4.0,12.0,100.0,76.2,2017-18
80,CHARTERS,6089,COMPASS ACADEMY CS,2.0,9374.0,17.5,16.0,3.0,12.0,50.0,76.2,2017-18
80,CHARTERS,6093,JERSEY CITY GLOBAL CS,3.0,9374.0,10.0,16.0,3.0,12.0,66.7,76.2,2017-18
80,CHARTERS,6094,PHILLIP'S ACADEMY CHARTER SCHOOL,4.0,9374.0,6.3,16.0,2.3,12.0,50.0,76.2,2017-18
80,CHARTERS,6096,PATERSON ARTS AND SCIENCE CHARTER SCHOOL,2.0,9374.0,7.0,16.0,3.5,12.0,50.0,76.2,2017-18
80,CHARTERS,6099,LINK COMMUNITY CHARTER SCHOOL,3.0,9374.0,11.0,16.0,2.0,12.0,0.0,76.2,2017-18
80,CHARTERS,6100,BRIDGETON PUBLIC CHARTER SCHOOL,3.0,9374.0,4.7,16.0,2.7,12.0,33.3,76.2,2017-18
80,CHARTERS,6101,COLLEGE ACHIEVE CENTRAL CHARTER SCHOOL,3.0,9374.0,21.3,16.0,1.3,12.0,0.0,76.2,2017-18
80,CHARTERS,6102,CRESTHAVEN ACADEMY CHARTER SCHOOL,4.0,9374.0,8.8,16.0,1.0,12.0,0.0,76.2,2017-18
80,CHARTERS,6103,EMPOWERMENT ACADEMY CHARTER SCHOOL,4.0,9374.0,7.8,16.0,2.5,12.0,25.0,76.2,2017-18
80,CHARTERS,6104,INTERNATIONAL ACADEMY OF ATLANTIC CITY CHARTER SCHOOL,2.0,9374.0,1.5,16.0,1.5,12.0,0.0,76.2,2017-18
80,CHARTERS,6105,HUDSON ARTS AND SCIENCE  CHARTER SCHOOL,1.0,9374.0,7.0,16.0,2.0,12.0,0.0,76.2,2017-18
80,CHARTERS,6106,PHILIPS CHARTER SCHOOL OF PATERSON,1.0,9374.0,7.0,16.0,1.0,12.0,0.0,76.2,2017-18
80,CHARTERS,6107,CAMDENS PROMISE CHARTER SCHOOL,15.0,9374.0,16.1,16.0,14.5,12.0,93.3,76.2,2017-18
80,CHARTERS,6109,LEAD CHARTER SCHOOL,1.0,9374.0,7.0,16.0,0.0,12.0,0.0,76.2,2017-18
80,CHARTERS,6110,ACHIEVE COMMUNITY CHARTER SCHOOL,3.0,9374.0,10.7,16.0,0.0,12.0,0.0,76.2,2017-18
80,CHARTERS,6182,INTERNATIONAL ACADEMY OF TRENTON CHARTER SCHOOL,4.0,9374.0,15.8,16.0,1.5,12.0,0.0,76.2,2017-18
80,CHARTERS,6183,TRENTON STEM-TO-CIVICS CS,4.0,9374.0,22.8,16.0,2.8,12.0,0.0,76.2,2017-18
80,CHARTERS,6184,GREAT FUTURES CHARTER SCHOOL,9999999.0,9374.0,9999999.0,16.0,9999999.0,12.0,9999999.0,76.2,2017-18
80,CHARTERS,6230,CLASSICAL ACADEMY CHARTER SCHOOL ,2.0,9374.0,10.0,16.0,1.0,12.0,0.0,76.2,2017-18
80,CHARTERS,6232,ENVIRONMENT COMMUNITY CS,2.0,9374.0,1.5,16.0,1.0,12.0,0.0,76.2,2017-18
80,CHARTERS,6240,FREEDOM PREP CHARTER SCHOOL,9999999.0,9374.0,9999999.0,16.0,9999999.0,12.0,9999999.0,76.2,2017-18
80,CHARTERS,6320,DISCOVERY CS,5.0,9374.0,10.8,16.0,10.8,12.0,80.0,76.2,2017-18
80,CHARTERS,6410,EAST ORANGE COMMUNITY CS,4.0,9374.0,15.0,16.0,15.0,12.0,100.0,76.2,2017-18
80,CHARTERS,6420,ELYSIAN CS OF HOBOKEN,2.0,9374.0,41.0,16.0,4.0,12.0,50.0,76.2,2017-18
80,CHARTERS,6430,ENGLEWOOD ON THE PALISADES CHARTER SCHOOL,2.0,9374.0,34.5,16.0,17.5,12.0,100.0,76.2,2017-18
80,CHARTERS,6635,GREATER BRUNSWICK CS,3.0,9374.0,11.0,16.0,7.3,12.0,33.3,76.2,2017-18
80,CHARTERS,6665,GRAY CS,3.0,9374.0,25.0,16.0,7.0,12.0,33.3,76.2,2017-18
80,CHARTERS,6720,HOBOKEN CS,5.0,9374.0,14.8,16.0,7.6,12.0,60.0,76.2,2017-18
80,CHARTERS,6740,HOPE ACADEMY CS,4.0,9374.0,21.0,16.0,8.5,12.0,50.0,76.2,2017-18
80,CHARTERS,6810,INTERNATIONAL CHARTER SCHOOL ,1.0,9374.0,20.0,16.0,18.0,12.0,100.0,76.2,2017-18
80,CHARTERS,6910,JERSEY CITY COMM. CS,3.0,9374.0,9.7,16.0,5.3,12.0,66.7,76.2,2017-18
80,CHARTERS,6915,JERSEY CITY GOLDEN DOOR CHARTER SCHOOL,5.0,9374.0,16.4,16.0,15.8,12.0,100.0,76.2,2017-18
80,CHARTERS,7100,LADY LIBERTY ACADEMY CS,6.0,9374.0,17.3,16.0,4.8,12.0,33.3,76.2,2017-18
80,CHARTERS,7109,LEAP ACADEMY UNIVERSITY CS,6.0,9374.0,8.3,16.0,8.3,12.0,100.0,76.2,2017-18
80,CHARTERS,7115,LEARNING COMMUNITY CS,2.0,9374.0,16.0,16.0,9.5,12.0,100.0,76.2,2017-18
80,CHARTERS,7210,MARION P. THOMAS CS,14.0,9374.0,7.2,16.0,3.5,12.0,35.7,76.2,2017-18
80,CHARTERS,7290,NEW HORIZONS COMM. CS,4.0,9374.0,15.5,16.0,8.8,12.0,100.0,76.2,2017-18
80,CHARTERS,7320,NORTH STAR ACADEMY CHARTER SCHOOL,13.0,9374.0,10.2,16.0,7.2,12.0,69.2,76.2,2017-18
80,CHARTERS,7325,TEAM ACADEMY CHARTER SCHOOL,9999999.0,9374.0,9999999.0,16.0,9999999.0,12.0,9999999.0,76.2,2017-18
80,CHARTERS,7410,CHARTER~TECH HIGH SCHOOL,5.0,9374.0,11.6,16.0,5.8,12.0,60.0,76.2,2017-18
80,CHARTERS,7500,PACE CS OF HAMILTON,2.0,9374.0,24.0,16.0,24.0,12.0,100.0,76.2,2017-18
80,CHARTERS,7503,PATERSON CS FOR SCI/TECH,10.0,9374.0,7.8,16.0,7.8,12.0,90.0,76.2,2017-18
80,CHARTERS,7540,PRINCETON CS,2.0,9374.0,23.5,16.0,8.5,12.0,100.0,76.2,2017-18
80,CHARTERS,7600,QUEEN CITY ACADEMY CS,3.0,9374.0,14.3,16.0,4.0,12.0,66.7,76.2,2017-18
80,CHARTERS,7720,THE RED BANK CS,3.0,9374.0,20.0,16.0,11.3,12.0,66.7,76.2,2017-18
80,CHARTERS,7727,RIDGE AND VALLEY CS,2.0,9374.0,11.5,16.0,7.5,12.0,50.0,76.2,2017-18
80,CHARTERS,7730,ROBERT TREAT ACADEMY CS,5.0,9374.0,19.2,16.0,15.6,12.0,100.0,76.2,2017-18
80,CHARTERS,7735,MARIA L. VARISCO-ROGERS CS,9.0,9374.0,11.2,16.0,8.1,12.0,88.9,76.2,2017-18
80,CHARTERS,7830,SOARING HEIGHTS CS,1.0,9374.0,56.0,16.0,56.0,12.0,100.0,76.2,2017-18
80,CHARTERS,7850,SUSSEX COUNTY TECHNOLOGY CHARTER SCHOOL ,3.0,9374.0,18.0,16.0,2.3,12.0,0.0,76.2,2017-18
80,CHARTERS,7890,TEANECK COMMUNITY CS,4.0,9374.0,9.5,16.0,8.8,12.0,75.0,76.2,2017-18
80,CHARTERS,7891,COLLEGE ACHIEVE GREATER ASBURY PARK CHARTER SCHOOL,9999999.0,9374.0,9999999.0,16.0,9999999.0,12.0,9999999.0,76.2,2017-18
80,CHARTERS,7892,COLLEGE ACHIEVE PATERSON CHARTER SCHOOL,3.0,9374.0,14.0,16.0,0.0,12.0,0.0,76.2,2017-18
80,CHARTERS,7893,OCEAN ACADEMY CHARTER SCHOOL,9999999.0,9374.0,9999999.0,16.0,9999999.0,12.0,9999999.0,76.2,2017-18
80,CHARTERS,8010,UNION COUNTY TEAMS CS,4.0,9374.0,19.0,16.0,7.3,12.0,75.0,76.2,2017-18
80,CHARTERS,8050,UNITY CS,4.0,9374.0,16.8,16.0,5.3,12.0,50.0,76.2,2017-18
80,CHARTERS,8060,UNIVERSITY ACADEMY CS,7.0,9374.0,14.4,16.0,11.4,12.0,100.0,76.2,2017-18
80,CHARTERS,8065,UNIVERSITY HEIGHTS CS,6.0,9374.0,7.7,16.0,1.7,12.0,16.7,76.2,2017-18
80,CHARTERS,8140,VILLAGE CS,3.0,9374.0,22.7,16.0,10.3,12.0,100.0,76.2,2017-18
