CountyCode,CountyName,DistrictCode,DistrictName,Federal,StateLocal,Total,Year
01,ATLANTIC,0010,ABSECON CITY,1110,12199,13309,2017-18
01,ATLANTIC,0110,ATLANTIC CITY,1412,16669,18081,2017-18
01,ATLANTIC,0120,ATLANTIC CO VOCATIONAL,592,12491,13083,2017-18
01,ATLANTIC,0125,ATLANTIC CO SPECIAL SERV,9999999,9999999,9999999,2017-18
01,ATLANTIC,0570,BRIGANTINE CITY,878,21951,22829,2017-18
01,ATLANTIC,0590,BUENA REGIONAL,1157,15978,17135,2017-18
01,ATLANTIC,1300,EGG HARBOR CITY,2694,14866,17560,2017-18
01,ATLANTIC,1310,EGG HARBOR TWP,504,14137,14641,2017-18
01,ATLANTIC,1410,ESTELL MANOR CITY,780,16910,17690,2017-18
01,ATLANTIC,1540,FOLSOM BORO,550,13263,13813,2017-18
01,ATLANTIC,1690,GALLOWAY TWP,907,15044,15951,2017-18
01,ATLANTIC,1790,GREATER EGG HARBOR REG,478,16764,17242,2017-18
01,ATLANTIC,1940,HAMILTON TWP,914,11921,12835,2017-18
01,ATLANTIC,1960,HAMMONTON TOWN,536,11231,11767,2017-18
01,ATLANTIC,2680,LINWOOD CITY,333,15079,15412,2017-18
01,ATLANTIC,2910,MAINLAND REGIONAL,433,17841,18274,2017-18
01,ATLANTIC,3020,MARGATE CITY,632,27218,27850,2017-18
01,ATLANTIC,3480,MULLICA TWP,1339,13167,14506,2017-18
01,ATLANTIC,3720,NORTHFIELD CITY,553,13557,14110,2017-18
01,ATLANTIC,4180,PLEASANTVILLE CITY,1001,18471,19472,2017-18
01,ATLANTIC,4240,PORT REPUBLIC CITY,472,15752,16224,2017-18
01,ATLANTIC,4800,SOMERS POINT CITY,966,15252,16218,2017-18
01,ATLANTIC,5350,VENTNOR CITY,1118,17506,18624,2017-18
01,ATLANTIC,5760,WEYMOUTH TWP,1042,17679,18721,2017-18
03,BERGEN,0040,ALLENDALE BORO,356,15131,15487,2017-18
03,BERGEN,0080,ALPINE BORO,513,29700,30213,2017-18
03,BERGEN,0285,BERGEN CO SPECIAL SERVICE,9999999,9999999,9999999,2017-18
03,BERGEN,0290,BERGEN COUNTY VOCATIONAL,712,24969,25681,2017-18
03,BERGEN,0300,BERGENFIELD BORO,495,15354,15849,2017-18
03,BERGEN,0440,BOGOTA BORO,693,14697,15390,2017-18
03,BERGEN,0740,CARLSTADT BORO,496,15706,16202,2017-18
03,BERGEN,0745,CARLSTADT-EAST RUTHERFORD,417,21187,21604,2017-18
03,BERGEN,0890,CLIFFSIDE PARK BORO,670,12854,13524,2017-18
03,BERGEN,0930,CLOSTER BORO,229,15196,15425,2017-18
03,BERGEN,0990,CRESSKILL BORO,259,13725,13984,2017-18
03,BERGEN,1070,DEMAREST BORO,234,25073,25307,2017-18
03,BERGEN,1130,DUMONT BORO,343,14570,14913,2017-18
03,BERGEN,1230,EAST RUTHERFORD BORO,515,16399,16914,2017-18
03,BERGEN,1270,EDGEWATER BORO,510,11599,12109,2017-18
03,BERGEN,1345,ELMWOOD PARK,523,10713,11236,2017-18
03,BERGEN,1360,EMERSON BORO,308,15238,15546,2017-18
03,BERGEN,1370,ENGLEWOOD CITY,684,17474,18158,2017-18
03,BERGEN,1380,ENGLEWOOD CLIFFS BORO,317,19474,19791,2017-18
03,BERGEN,1450,FAIR LAWN BORO,346,15751,16097,2017-18
03,BERGEN,1470,FAIRVIEW BORO,898,9683,10581,2017-18
03,BERGEN,1550,FORT LEE BORO,456,14528,14984,2017-18
03,BERGEN,1580,FRANKLIN LAKES BORO,335,22830,23165,2017-18
03,BERGEN,1700,GARFIELD CITY,590,16798,17388,2017-18
03,BERGEN,1760,GLEN ROCK BORO,225,16208,16433,2017-18
03,BERGEN,1860,HACKENSACK CITY,546,15262,15808,2017-18
03,BERGEN,2050,HARRINGTON PARK BORO,269,17922,18191,2017-18
03,BERGEN,2080,HASBROUCK HEIGHTS BORO,352,14025,14377,2017-18
03,BERGEN,2090,HAWORTH BORO,217,19189,19406,2017-18
03,BERGEN,2180,HILLSDALE BORO,398,16594,16992,2017-18
03,BERGEN,2200,HO HO KUS BORO,236,14839,15075,2017-18
03,BERGEN,2620,LEONIA BORO,347,15280,15627,2017-18
03,BERGEN,2710,LITTLE FERRY BORO,577,13664,14241,2017-18
03,BERGEN,2740,LODI BOROUGH,582,12053,12635,2017-18
03,BERGEN,2860,LYNDHURST TWP,446,14248,14694,2017-18
03,BERGEN,2900,MAHWAH TWP,345,17527,17872,2017-18
03,BERGEN,3060,MAYWOOD BORO,406,12736,13142,2017-18
03,BERGEN,3170,MIDLAND PARK BORO,424,19454,19878,2017-18
03,BERGEN,3330,MONTVALE BORO,363,14262,14625,2017-18
03,BERGEN,3350,MOONACHIE BORO,611,17058,17669,2017-18
03,BERGEN,3550,NEW MILFORD BORO,438,15618,16056,2017-18
03,BERGEN,3600,NORTH ARLINGTON BORO,382,12072,12454,2017-18
03,BERGEN,3700,NORTHERN HIGHLANDS REG,215,17315,17530,2017-18
03,BERGEN,3710,NORTHERN VALLEY REGIONAL,386,20456,20842,2017-18
03,BERGEN,3730,NORTHVALE BORO,222,15478,15700,2017-18
03,BERGEN,3740,NORWOOD BORO,321,13531,13852,2017-18
03,BERGEN,3760,OAKLAND BORO,265,17574,17839,2017-18
03,BERGEN,3850,OLD TAPPAN BORO,215,15937,16152,2017-18
03,BERGEN,3870,ORADELL BORO,300,13363,13663,2017-18
03,BERGEN,3910,PALISADES PARK,658,13222,13880,2017-18
03,BERGEN,3930,PARAMUS BORO,517,17629,18146,2017-18
03,BERGEN,3940,PARK RIDGE BORO,379,19870,20249,2017-18
03,BERGEN,3960,PASCACK VALLEY REGIONAL,236,19506,19742,2017-18
03,BERGEN,4300,RAMAPO-INDIAN HILL REG,212,17872,18084,2017-18
03,BERGEN,4310,RAMSEY BORO,329,17387,17716,2017-18
03,BERGEN,4370,RIDGEFIELD BORO,484,20464,20948,2017-18
03,BERGEN,4380,RIDGEFIELD PARK TWP,482,13806,14288,2017-18
03,BERGEN,4390,RIDGEWOOD VILLAGE,229,14895,15124,2017-18
03,BERGEN,4405,RIVER DELL REGIONAL,273,16727,17000,2017-18
03,BERGEN,4410,RIVER EDGE BORO,454,13376,13830,2017-18
03,BERGEN,4430,RIVER VALE TWP,266,15896,16162,2017-18
03,BERGEN,4470,ROCHELLE PARK TWP,401,15764,16165,2017-18
03,BERGEN,4600,RUTHERFORD BORO,311,13991,14302,2017-18
03,BERGEN,4610,SADDLE BROOK TWP,383,15590,15973,2017-18
03,BERGEN,4620,SADDLE RIVER BORO,651,28684,29335,2017-18
03,BERGEN,4845,SOUTH BERGEN JOINTURE COM,9999999,9999999,9999999,2017-18
03,BERGEN,4870,SOUTH HACKENSACK TWP,470,16925,17395,2017-18
03,BERGEN,5150,TEANECK TWP,570,20208,20778,2017-18
03,BERGEN,5160,TENAFLY BORO,320,16087,16407,2017-18
03,BERGEN,5330,UPPER SADDLE RIVER BORO,294,16890,17184,2017-18
03,BERGEN,5410,WALDWICK BORO,272,15857,16129,2017-18
03,BERGEN,5430,WALLINGTON BORO,468,11738,12206,2017-18
03,BERGEN,5755,WESTWOOD REGIONAL,381,16281,16662,2017-18
03,BERGEN,5830,WOOD-RIDGE BORO,316,12756,13072,2017-18
03,BERGEN,5880,WOODCLIFF LAKE BORO,246,17229,17475,2017-18
03,BERGEN,5920,WYCKOFF TWP,276,16510,16786,2017-18
05,BURLINGTON,0200,BASS RIVER TWP,894,20496,21390,2017-18
05,BURLINGTON,0380,BEVERLY CITY,1176,15612,16788,2017-18
05,BURLINGTON,0475,BORDENTOWN REGIONAL,404,13248,13652,2017-18
05,BURLINGTON,0600,BURLINGTON CITY,849,17750,18599,2017-18
05,BURLINGTON,0605,BURLINGTON CO SPEC SERV,9999999,9999999,9999999,2017-18
05,BURLINGTON,0610,BURLINGTON CO VOCATIONAL,751,16089,16840,2017-18
05,BURLINGTON,0620,BURLINGTON TWP,372,13702,14074,2017-18
05,BURLINGTON,0830,CHESTERFIELD TWP,200,11398,11598,2017-18
05,BURLINGTON,0840,CINNAMINSON TWP,313,14992,15305,2017-18
05,BURLINGTON,1030,DELANCO TWP,593,14464,15057,2017-18
05,BURLINGTON,1060,DELRAN TWP,366,12609,12975,2017-18
05,BURLINGTON,1250,EASTAMPTON TWP,529,13620,14149,2017-18
05,BURLINGTON,1280,EDGEWATER PARK TWP,745,13455,14200,2017-18
05,BURLINGTON,1420,EVESHAM TWP,377,14959,15336,2017-18
05,BURLINGTON,1520,FLORENCE TWP,593,13042,13635,2017-18
05,BURLINGTON,1910,HAINESPORT TWP,411,12914,13325,2017-18
05,BURLINGTON,2610,LENAPE REGIONAL,250,17609,17859,2017-18
05,BURLINGTON,2850,LUMBERTON TWP,452,14604,15056,2017-18
05,BURLINGTON,2960,MANSFIELD TWP,262,16300,16562,2017-18
05,BURLINGTON,3010,MAPLE SHADE TWP,614,14107,14721,2017-18
05,BURLINGTON,3070,MEDFORD LAKES BORO,245,12206,12451,2017-18
05,BURLINGTON,3080,MEDFORD TWP,291,14890,15181,2017-18
05,BURLINGTON,3360,MOORESTOWN TWP,315,15885,16200,2017-18
05,BURLINGTON,3430,MOUNT HOLLY TWP,1459,15207,16666,2017-18
05,BURLINGTON,3440,MOUNT LAUREL TWP,365,13910,14275,2017-18
05,BURLINGTON,3540,NEW HANOVER TWP,1012,21798,22810,2017-18
05,BURLINGTON,3650,NORTH HANOVER TWP,473,15545,16018,2017-18
05,BURLINGTON,3690,NORTHERN BURLINGTON REG,282,13407,13689,2017-18
05,BURLINGTON,3920,PALMYRA BORO,641,14847,15488,2017-18
05,BURLINGTON,4050,PEMBERTON TWP,817,19196,20013,2017-18
05,BURLINGTON,4320,RANCOCAS VALLEY REGIONAL,327,13244,13571,2017-18
05,BURLINGTON,4450,RIVERSIDE TWP,710,13150,13860,2017-18
05,BURLINGTON,4460,RIVERTON,398,13916,14314,2017-18
05,BURLINGTON,4740,SHAMONG TWP,321,15250,15571,2017-18
05,BURLINGTON,4930,SOUTHAMPTON TWP,462,16297,16759,2017-18
05,BURLINGTON,5010,SPRINGFIELD TWP,474,18624,19098,2017-18
05,BURLINGTON,5130,TABERNACLE TWP,372,17602,17974,2017-18
05,BURLINGTON,5720,WESTAMPTON,380,11373,11753,2017-18
05,BURLINGTON,5805,WILLINGBORO TWP,733,14627,15360,2017-18
05,BURLINGTON,5890,WOODLAND TWP,554,16819,17373,2017-18
07,CAMDEN,0150,AUDUBON BORO,416,13613,14029,2017-18
07,CAMDEN,0190,BARRINGTON BORO,528,14168,14696,2017-18
07,CAMDEN,0260,BELLMAWR BORO,941,10860,11801,2017-18
07,CAMDEN,0330,BERLIN BORO,377,12081,12458,2017-18
07,CAMDEN,0340,BERLIN TWP,558,16274,16832,2017-18
07,CAMDEN,0390,BLACK HORSE PIKE REGIONAL,376,14796,15172,2017-18
07,CAMDEN,0580,BROOKLAWN BORO,700,13466,14166,2017-18
07,CAMDEN,0680,CAMDEN CITY,2488,22247,24735,2017-18
07,CAMDEN,0700,CAMDEN COUNTY VOCATIONAL,1480,19356,20836,2017-18
07,CAMDEN,0800,CHERRY HILL TWP,378,13864,14242,2017-18
07,CAMDEN,0880,CLEMENTON BORO,1218,14722,15940,2017-18
07,CAMDEN,0940,COLLINGSWOOD BORO,638,14822,15460,2017-18
07,CAMDEN,1255,EASTERN CAMDEN COUNTY REG,278,14572,14850,2017-18
07,CAMDEN,1720,GIBBSBORO BORO,420,15748,16168,2017-18
07,CAMDEN,1770,GLOUCESTER CITY,821,15904,16725,2017-18
07,CAMDEN,1780,GLOUCESTER TWP,493,13228,13721,2017-18
07,CAMDEN,1799,"KIPP: COOPER NORCROSS, A NEW JERSEY NONPROFIT CORPORATION",866,17015,17881,2017-18
07,CAMDEN,1801,"CAMDEN PREP, INC.",2478,17540,20018,2017-18
07,CAMDEN,1802,"MASTERY SCHOOLS OF CAMDEN, INC. ",970,17796,18766,2017-18
07,CAMDEN,1880,HADDON HEIGHTS BORO,340,13650,13990,2017-18
07,CAMDEN,1890,HADDON TWP,394,14073,14467,2017-18
07,CAMDEN,1900,HADDONFIELD BORO,293,12076,12369,2017-18
07,CAMDEN,2540,LAUREL SPRINGS BORO,604,12358,12962,2017-18
07,CAMDEN,2560,LAWNSIDE BORO,1098,15162,16260,2017-18
07,CAMDEN,2670,LINDENWOLD BORO,1185,12426,13611,2017-18
07,CAMDEN,2890,MAGNOLIA BORO,628,14697,15325,2017-18
07,CAMDEN,3110,MERCHANTVILLE BORO,721,13925,14646,2017-18
07,CAMDEN,3420,MOUNT EPHRAIM BORO,614,13440,14054,2017-18
07,CAMDEN,3770,OAKLYN BORO,804,14867,15671,2017-18
07,CAMDEN,4060,PENNSAUKEN TWP,850,14197,15047,2017-18
07,CAMDEN,4110,PINE HILL BORO,624,15223,15847,2017-18
07,CAMDEN,4590,RUNNEMEDE BORO,662,12717,13379,2017-18
07,CAMDEN,4790,SOMERDALE BORO,599,13661,14260,2017-18
07,CAMDEN,5035,STERLING HIGH SCHOOL DIST,372,13941,14313,2017-18
07,CAMDEN,5080,STRATFORD BORO,543,13710,14253,2017-18
07,CAMDEN,5400,VOORHEES TWP,375,14079,14454,2017-18
07,CAMDEN,5560,WATERFORD TWP,664,17120,17784,2017-18
07,CAMDEN,5820,WINSLOW TWP,638,15163,15801,2017-18
07,CAMDEN,5900,WOODLYNNE BORO,1302,11610,12912,2017-18
09,CAPE MAY,0170,AVALON BORO,870,56704,57574,2017-18
09,CAPE MAY,0710,CAPE MAY CITY,967,16513,17480,2017-18
09,CAPE MAY,0715,CAPE MAY CO SPECIAL SERV,9999999,9999999,9999999,2017-18
09,CAPE MAY,0720,CAPE MAY CO VOCATIONAL,801,20385,21186,2017-18
09,CAPE MAY,1080,DENNIS TWP,679,19071,19750,2017-18
09,CAPE MAY,2820,LOWER CAPE MAY REGIONAL,679,17658,18337,2017-18
09,CAPE MAY,2840,LOWER TWP,711,14526,15237,2017-18
09,CAPE MAY,3130,MIDDLE TWP,623,13113,13736,2017-18
09,CAPE MAY,3680,NORTH WILDWOOD CITY,1492,26885,28377,2017-18
09,CAPE MAY,3780,OCEAN CITY,439,16098,16537,2017-18
09,CAPE MAY,5060,STONE HARBOR BORO,147,25355,25502,2017-18
09,CAPE MAY,5340,UPPER TWP,495,15448,15943,2017-18
09,CAPE MAY,5610,WEST CAPE MAY BORO,816,14171,14987,2017-18
09,CAPE MAY,5790,WILDWOOD CITY,2185,18766,20951,2017-18
09,CAPE MAY,5800,WILDWOOD CREST BORO,747,23080,23827,2017-18
09,CAPE MAY,5840,WOODBINE BORO,1341,14375,15716,2017-18
11,CUMBERLAND,0540,BRIDGETON CITY,1180,13694,14874,2017-18
11,CUMBERLAND,0950,COMMERCIAL TWP,1407,13144,14551,2017-18
11,CUMBERLAND,0995,CUMBERLAND CO VOCATIONAL,1188,25298,26486,2017-18
11,CUMBERLAND,0997,CUMBERLAND REGIONAL,505,13982,14487,2017-18
11,CUMBERLAND,1020,DEERFIELD TWP,748,13642,14390,2017-18
11,CUMBERLAND,1120,DOWNE TWP,904,14657,15561,2017-18
11,CUMBERLAND,1460,FAIRFIELD TWP,1276,12135,13411,2017-18
11,CUMBERLAND,1820,GREENWICH TWP,815,18886,19701,2017-18
11,CUMBERLAND,2270,HOPEWELL TWP,510,12737,13247,2017-18
11,CUMBERLAND,2570,LAWRENCE TWP,967,11679,12646,2017-18
11,CUMBERLAND,3050,MAURICE RIVER TWP,647,11475,12122,2017-18
11,CUMBERLAND,3230,MILLVILLE CITY,768,15427,16195,2017-18
11,CUMBERLAND,5070,STOW CREEK TWP,629,14509,15138,2017-18
11,CUMBERLAND,5300,UPPER DEERFIELD TWP,1405,13764,15169,2017-18
11,CUMBERLAND,5390,VINELAND CITY,828,15026,15854,2017-18
13,ESSEX,0250,BELLEVILLE TOWN,616,12557,13173,2017-18
13,ESSEX,0410,BLOOMFIELD TWP,465,12831,13296,2017-18
13,ESSEX,0660,CALDWELL-WEST CALDWELL,400,14582,14982,2017-18
13,ESSEX,0760,CEDAR GROVE TWP,335,15205,15540,2017-18
13,ESSEX,1210,EAST ORANGE,968,20713,21681,2017-18
13,ESSEX,1387,ESSEX CO ED SERV COMM,9999999,9999999,9999999,2017-18
13,ESSEX,1390,ESSEX CO VOC-TECH,1539,17449,18988,2017-18
13,ESSEX,1400,ESSEX FELLS BORO,225,18442,18667,2017-18
13,ESSEX,1465,FAIRFIELD TWP,257,15567,15824,2017-18
13,ESSEX,1750,GLEN RIDGE BORO,237,14006,14243,2017-18
13,ESSEX,2330,IRVINGTON TOWNSHIP,1212,16255,17467,2017-18
13,ESSEX,2730,LIVINGSTON TWP,270,15847,16117,2017-18
13,ESSEX,3190,MILLBURN TWP,269,15496,15765,2017-18
13,ESSEX,3310,MONTCLAIR TOWN,384,16086,16470,2017-18
13,ESSEX,3570,NEWARK CITY,1568,15789,17357,2017-18
13,ESSEX,3630,NORTH CALDWELL BORO,302,15719,16021,2017-18
13,ESSEX,3750,NUTLEY TOWN,324,13662,13986,2017-18
13,ESSEX,3880,CITY OF ORANGE TWP,862,14753,15615,2017-18
13,ESSEX,4530,ROSELAND BORO,288,15053,15341,2017-18
13,ESSEX,4900,SOUTH ORANGE-MAPLEWOOD,378,13881,14259,2017-18
13,ESSEX,5370,VERONA BORO,290,13599,13889,2017-18
13,ESSEX,5630,WEST ESSEX REGIONAL,218,17334,17552,2017-18
13,ESSEX,5680,WEST ORANGE TOWN,478,18798,19276,2017-18
15,GLOUCESTER,0860,CLAYTON BORO,1196,11053,12249,2017-18
15,GLOUCESTER,0870,CLEARVIEW REGIONAL,319,12369,12688,2017-18
15,GLOUCESTER,1100,DEPTFORD TWP,485,13372,13857,2017-18
15,GLOUCESTER,1180,EAST GREENWICH TWP,252,11369,11621,2017-18
15,GLOUCESTER,1330,ELK TWP,762,13530,14292,2017-18
15,GLOUCESTER,1590,FRANKLIN TWP,505,12370,12875,2017-18
15,GLOUCESTER,1715,GATEWAY REGIONAL,469,16877,17346,2017-18
15,GLOUCESTER,1730,GLASSBORO,860,14769,15629,2017-18
15,GLOUCESTER,1774,GLOUCESTER CO SPEC SERV,9999999,9999999,9999999,2017-18
15,GLOUCESTER,1775,GLOUCESTER CO VOCATIONAL,815,13296,14111,2017-18
15,GLOUCESTER,1830,GREENWICH TWP,729,17928,18657,2017-18
15,GLOUCESTER,2070,HARRISON TWP,289,11504,11793,2017-18
15,GLOUCESTER,2440,KINGSWAY REGIONAL,213,10124,10337,2017-18
15,GLOUCESTER,2750,LOGAN TWP,389,15290,15679,2017-18
15,GLOUCESTER,2990,MANTUA TWP,493,14264,14757,2017-18
15,GLOUCESTER,3280,MONROE TWP,448,11387,11835,2017-18
15,GLOUCESTER,3490,NATIONAL PARK BORO,686,15239,15925,2017-18
15,GLOUCESTER,4020,PAULSBORO BORO,1533,15424,16957,2017-18
15,GLOUCESTER,4140,PITMAN BORO,477,16430,16907,2017-18
15,GLOUCESTER,4880,SOUTH HARRISON TWP,244,11635,11879,2017-18
15,GLOUCESTER,4940,DELSEA REGIONAL H.S DIST.,601,15293,15894,2017-18
15,GLOUCESTER,5120,SWEDESBORO-WOOLWICH,281,12416,12697,2017-18
15,GLOUCESTER,5500,WASHINGTON TWP,415,16422,16837,2017-18
15,GLOUCESTER,5590,WENONAH BORO,396,16992,17388,2017-18
15,GLOUCESTER,5620,WEST DEPTFORD TWP,443,13626,14069,2017-18
15,GLOUCESTER,5740,WESTVILLE BORO,583,11941,12524,2017-18
15,GLOUCESTER,5860,WOODBURY CITY,1098,14130,15228,2017-18
15,GLOUCESTER,5870,WOODBURY HEIGHTS BORO,548,14418,14966,2017-18
17,HUDSON,0220,BAYONNE CITY,705,12470,13175,2017-18
17,HUDSON,1200,EAST NEWARK BORO,928,9952,10880,2017-18
17,HUDSON,1850,GUTTENBERG TOWN,1053,10720,11773,2017-18
17,HUDSON,2060,HARRISON TOWN,955,15606,16561,2017-18
17,HUDSON,2210,HOBOKEN CITY,1149,24032,25181,2017-18
17,HUDSON,2295,HUDSON COUNTY VOCATIONAL,1748,17245,18993,2017-18
17,HUDSON,2390,JERSEY CITY,1067,17499,18566,2017-18
17,HUDSON,2410,KEARNY TOWN,600,12601,13201,2017-18
17,HUDSON,3610,NORTH BERGEN TWP,817,13416,14233,2017-18
17,HUDSON,4730,SECAUCUS TOWN,381,14943,15324,2017-18
17,HUDSON,5240,UNION CITY,1015,14981,15996,2017-18
17,HUDSON,5580,WEEHAWKEN TWP,617,14178,14795,2017-18
17,HUDSON,5670,WEST NEW YORK TOWN,798,12986,13784,2017-18
19,HUNTERDON,0020,ALEXANDRIA TWP,392,17737,18129,2017-18
19,HUNTERDON,0370,BETHLEHEM TWP,374,20796,21170,2017-18
19,HUNTERDON,0430,BLOOMSBURY BORO,573,19664,20237,2017-18
19,HUNTERDON,0670,CALIFON BORO,371,25881,26252,2017-18
19,HUNTERDON,0910,CLINTON TOWN,362,16726,17088,2017-18
19,HUNTERDON,0920,CLINTON TWP,323,18905,19228,2017-18
19,HUNTERDON,1040,DELAWARE TWP,385,18889,19274,2017-18
19,HUNTERDON,1050,DELAWARE VALLEY REGIONAL,252,17722,17974,2017-18
19,HUNTERDON,1160,EAST AMWELL TWP,483,18998,19481,2017-18
19,HUNTERDON,1376,SOUTH HUNTERDON REGIONAL SCHOOL DISTRICT,435,16525,16960,2017-18
19,HUNTERDON,1510,FLEMINGTON-RARITAN REG,369,16361,16730,2017-18
19,HUNTERDON,1600,FRANKLIN TWP,418,18550,18968,2017-18
19,HUNTERDON,1680,FRENCHTOWN BORO,535,21184,21719,2017-18
19,HUNTERDON,1970,HAMPTON BORO,689,20782,21471,2017-18
19,HUNTERDON,2140,HIGH BRIDGE BORO,332,18761,19093,2017-18
19,HUNTERDON,2220,HOLLAND TWP,386,17678,18064,2017-18
19,HUNTERDON,2300,HUNTERDON CENTRAL REG,230,15888,16118,2017-18
19,HUNTERDON,2305,HUNTERDON CO ED SER COMM,9999999,9999999,9999999,2017-18
19,HUNTERDON,2308,HUNTERDON CO VOCATIONAL,181,14514,14695,2017-18
19,HUNTERDON,2450,KINGWOOD TWP,408,17282,17690,2017-18
19,HUNTERDON,2590,LEBANON BORO,483,18853,19336,2017-18
19,HUNTERDON,2600,LEBANON TWP,286,17916,18202,2017-18
19,HUNTERDON,3180,MILFORD BORO,660,25075,25735,2017-18
19,HUNTERDON,3660,N HUNT/VOORHEES REGIONAL,253,16013,16266,2017-18
19,HUNTERDON,4350,READINGTON TWP,318,16274,16592,2017-18
19,HUNTERDON,5180,TEWKSBURY TWP,296,19998,20294,2017-18
19,HUNTERDON,5270,UNION TWP,373,16107,16480,2017-18
21,MERCER,1245,EAST WINDSOR REGIONAL,431,13684,14115,2017-18
21,MERCER,1430,EWING TWP,566,15848,16414,2017-18
21,MERCER,1950,HAMILTON TWP,494,14150,14644,2017-18
21,MERCER,2280,HOPEWELL VALLEY REGIONAL,276,18041,18317,2017-18
21,MERCER,2580,LAWRENCE TWP,461,15398,15859,2017-18
21,MERCER,3103,MERCER CO SPECIAL SERVICE,9999999,9999999,9999999,2017-18
21,MERCER,3105,MERCER COUNTY VOCATIONAL,988,21489,22477,2017-18
21,MERCER,4255,PRINCETON REGIONAL,423,18595,19018,2017-18
21,MERCER,5210,TRENTON CITY,1111,15263,16374,2017-18
21,MERCER,5510,ROBBINSVILLE TWP,238,11110,11348,2017-18
21,MERCER,5715,W WINDSOR-PLAINSBORO REG,240,13307,13547,2017-18
23,MIDDLESEX,0750,CARTERET BORO,652,12435,13087,2017-18
23,MIDDLESEX,0970,CRANBURY TWP,451,21275,21726,2017-18
23,MIDDLESEX,1140,DUNELLEN BORO,473,11770,12243,2017-18
23,MIDDLESEX,1170,EAST BRUNSWICK TWP,370,15145,15515,2017-18
23,MIDDLESEX,1290,EDISON TWP,358,12243,12601,2017-18
23,MIDDLESEX,2150,HIGHLAND PARK BORO,583,15616,16199,2017-18
23,MIDDLESEX,2370,JAMESBURG BORO,657,10868,11525,2017-18
23,MIDDLESEX,3120,METUCHEN BORO,377,13660,14037,2017-18
23,MIDDLESEX,3140,MIDDLESEX BORO,445,14882,15327,2017-18
23,MIDDLESEX,3145,MIDDLESEX CO REG SER COMM,9999999,9999999,9999999,2017-18
23,MIDDLESEX,3150,MIDDLESEX CO VOCATIONAL,959,17885,18844,2017-18
23,MIDDLESEX,3220,MILLTOWN BORO,534,12925,13459,2017-18
23,MIDDLESEX,3290,MONROE TWP,214,13355,13569,2017-18
23,MIDDLESEX,3530,NEW BRUNSWICK CITY,919,15490,16409,2017-18
23,MIDDLESEX,3620,NORTH BRUNSWICK TWP,455,13272,13727,2017-18
23,MIDDLESEX,3845,OLD BRIDGE TWP,385,14524,14909,2017-18
23,MIDDLESEX,4090,PERTH AMBOY CITY,834,16900,17734,2017-18
23,MIDDLESEX,4130,PISCATAWAY TWP,395,12473,12868,2017-18
23,MIDDLESEX,4660,SAYREVILLE BORO,419,11715,12134,2017-18
23,MIDDLESEX,4830,SOUTH AMBOY CITY,607,12689,13296,2017-18
23,MIDDLESEX,4860,SOUTH BRUNSWICK TWP,280,12510,12790,2017-18
23,MIDDLESEX,4910,SOUTH PLAINFIELD BORO,386,14885,15271,2017-18
23,MIDDLESEX,4920,SOUTH RIVER BORO,706,11539,12245,2017-18
23,MIDDLESEX,4970,SPOTSWOOD BORO,352,12856,13208,2017-18
23,MIDDLESEX,5850,WOODBRIDGE TWP,420,12528,12948,2017-18
25,MONMOUTH,0100,ASBURY PARK CITY,1913,30002,31915,2017-18
25,MONMOUTH,0130,ATLANTIC HIGHLANDS BORO,391,14534,14925,2017-18
25,MONMOUTH,0180,AVON BORO,497,18021,18518,2017-18
25,MONMOUTH,0225,BAYSHORE JOINTURE COMM,9999999,9999999,9999999,2017-18
25,MONMOUTH,0270,BELMAR BORO,1221,14402,15623,2017-18
25,MONMOUTH,0500,BRADLEY BEACH BORO,1203,17698,18901,2017-18
25,MONMOUTH,0560,BRIELLE BORO,338,14901,15239,2017-18
25,MONMOUTH,0945,COLTS NECK TWP,271,21059,21330,2017-18
25,MONMOUTH,1000,DEAL BORO,423,19504,19927,2017-18
25,MONMOUTH,1260,EATONTOWN BORO,806,16590,17396,2017-18
25,MONMOUTH,1440,FAIR HAVEN BORO,231,13769,14000,2017-18
25,MONMOUTH,1490,FARMINGDALE BORO,477,15918,16395,2017-18
25,MONMOUTH,1640,FREEHOLD BORO,1941,11055,12996,2017-18
25,MONMOUTH,1650,FREEHOLD REGIONAL,298,14013,14311,2017-18
25,MONMOUTH,1660,FREEHOLD TWP,349,16161,16510,2017-18
25,MONMOUTH,2105,HAZLET TWP,369,15416,15785,2017-18
25,MONMOUTH,2120,HENRY HUDSON REGIONAL,595,21171,21766,2017-18
25,MONMOUTH,2160,HIGHLANDS BORO,875,19513,20388,2017-18
25,MONMOUTH,2230,HOLMDEL TWP,346,16571,16917,2017-18
25,MONMOUTH,2290,HOWELL TWP,380,15433,15813,2017-18
25,MONMOUTH,2400,KEANSBURG BORO,1604,20673,22277,2017-18
25,MONMOUTH,2430,KEYPORT BORO,800,15017,15817,2017-18
25,MONMOUTH,2720,LITTLE SILVER BORO,312,14149,14461,2017-18
25,MONMOUTH,2770,LONG BRANCH CITY,743,15320,16063,2017-18
25,MONMOUTH,2920,MANALAPAN-ENGLISHTOWN REG,327,13726,14053,2017-18
25,MONMOUTH,2930,MANASQUAN BORO,303,14368,14671,2017-18
25,MONMOUTH,3030,MARLBORO TWP,272,14881,15153,2017-18
25,MONMOUTH,3040,MATAWAN-ABERDEEN REGIONAL,375,15391,15766,2017-18
25,MONMOUTH,3160,MIDDLETOWN TWP,376,14008,14384,2017-18
25,MONMOUTH,3200,MILLSTONE TWP,388,18032,18420,2017-18
25,MONMOUTH,3250,MONMOUTH BEACH BORO,439,17067,17506,2017-18
25,MONMOUTH,3255,MONMOUTH-OCEAN ED SER COM,9999999,9999999,9999999,2017-18
25,MONMOUTH,3260,MONMOUTH CO VOCATIONAL,425,16941,17366,2017-18
25,MONMOUTH,3270,MONMOUTH REGIONAL,354,20262,20616,2017-18
25,MONMOUTH,3500,NEPTUNE CITY,947,13638,14585,2017-18
25,MONMOUTH,3510,NEPTUNE TWP,614,16053,16667,2017-18
25,MONMOUTH,3810,OCEAN TWP,524,17516,18040,2017-18
25,MONMOUTH,3830,OCEANPORT BORO,360,15745,16105,2017-18
25,MONMOUTH,4360,RED BANK BORO,1194,15073,16267,2017-18
25,MONMOUTH,4365,RED BANK REGIONAL,503,18885,19388,2017-18
25,MONMOUTH,4520,ROOSEVELT BORO,712,20114,20826,2017-18
25,MONMOUTH,4570,RUMSON BORO,372,14022,14394,2017-18
25,MONMOUTH,4580,RUMSON-FAIR HAVEN REG,233,15866,16099,2017-18
25,MONMOUTH,4690,SEA GIRT BORO,442,22027,22469,2017-18
25,MONMOUTH,4760,SHORE REGIONAL,228,19819,20047,2017-18
25,MONMOUTH,4770,SHREWSBURY BORO,315,16003,16318,2017-18
25,MONMOUTH,4980,SPRING LAKE BORO,489,24431,24920,2017-18
25,MONMOUTH,4990,SPRING LAKE HEIGHTS BORO,425,16149,16574,2017-18
25,MONMOUTH,5185,TINTON FALLS,537,14525,15062,2017-18
25,MONMOUTH,5230,UNION BEACH,911,14775,15686,2017-18
25,MONMOUTH,5310,UPPER FREEHOLD REGIONAL,244,14294,14538,2017-18
25,MONMOUTH,5420,WALL TWP,366,16823,17189,2017-18
25,MONMOUTH,5640,WEST LONG BRANCH BORO,489,17251,17740,2017-18
27,MORRIS,0450,BOONTON TOWN,488,16886,17374,2017-18
27,MORRIS,0460,BOONTON TWP,292,16904,17196,2017-18
27,MORRIS,0630,BUTLER BORO,367,16023,16390,2017-18
27,MORRIS,0785,SCH DIST OF THE CHATHAMS,232,13326,13558,2017-18
27,MORRIS,0820,CHESTER TWP,448,16252,16700,2017-18
27,MORRIS,1090,DENVILLE TWP,302,15973,16275,2017-18
27,MORRIS,1110,DOVER TOWN,835,10213,11048,2017-18
27,MORRIS,1190,EAST HANOVER TWP,396,17428,17824,2017-18
27,MORRIS,1530,FLORHAM PARK BORO,267,16780,17047,2017-18
27,MORRIS,1990,HANOVER PARK REGIONAL,221,17081,17302,2017-18
27,MORRIS,2000,HANOVER TWP,250,16214,16464,2017-18
27,MORRIS,2010,HARDING TOWNSHIP,476,20491,20967,2017-18
27,MORRIS,2380,JEFFERSON TWP,291,16006,16297,2017-18
27,MORRIS,2460,KINNELON BORO,248,16138,16386,2017-18
27,MORRIS,2650,LINCOLN PARK BORO,412,14032,14444,2017-18
27,MORRIS,2870,MADISON BORO,257,15163,15420,2017-18
27,MORRIS,3090,MENDHAM BORO,193,16855,17048,2017-18
27,MORRIS,3100,MENDHAM TWP,209,19718,19927,2017-18
27,MORRIS,3240,MINE HILL TWP,559,14285,14844,2017-18
27,MORRIS,3340,MONTVILLE TWP,250,17280,17530,2017-18
27,MORRIS,3364,EDUC SERV COMM MORRIS CO,9999999,9999999,9999999,2017-18
27,MORRIS,3365,MORRIS COUNTY VOCATIONAL,819,15598,16417,2017-18
27,MORRIS,3370,MORRIS HILLS REGIONAL,259,18336,18595,2017-18
27,MORRIS,3380,MORRIS PLAINS BORO,307,17373,17680,2017-18
27,MORRIS,3385,MORRIS SCHOOL DISTRICT,522,15691,16213,2017-18
27,MORRIS,3410,MOUNT ARLINGTON BORO,457,17685,18142,2017-18
27,MORRIS,3450,MOUNT OLIVE TWP,317,15025,15342,2017-18
27,MORRIS,3460,MOUNTAIN LAKES BORO,186,19796,19982,2017-18
27,MORRIS,3520,NETCONG BORO,650,14058,14708,2017-18
27,MORRIS,3950,PARSIPPANY-TROY HILLS TWP,324,16643,16967,2017-18
27,MORRIS,4000,LONG HILL TWP,288,16788,17076,2017-18
27,MORRIS,4080,PEQUANNOCK TWP,271,14767,15038,2017-18
27,MORRIS,4330,RANDOLPH TWP,268,15660,15928,2017-18
27,MORRIS,4440,RIVERDALE BORO,348,14472,14820,2017-18
27,MORRIS,4480,ROCKAWAY BORO,540,13244,13784,2017-18
27,MORRIS,4490,ROCKAWAY TWP,314,17423,17737,2017-18
27,MORRIS,4560,ROXBURY TWP,329,16677,17006,2017-18
27,MORRIS,5520,WASHINGTON TWP,298,17745,18043,2017-18
27,MORRIS,5660,WEST MORRIS REGIONAL,224,15101,15325,2017-18
27,MORRIS,5770,WHARTON BORO,621,15089,15710,2017-18
29,OCEAN,0185,BARNEGAT TWP,451,14033,14484,2017-18
29,OCEAN,0210,BAY HEAD BORO,574,18903,19477,2017-18
29,OCEAN,0230,BEACH HAVEN BORO,441,27708,28149,2017-18
29,OCEAN,0320,BERKELEY TWP,691,13189,13880,2017-18
29,OCEAN,0530,BRICK TWP,479,13973,14452,2017-18
29,OCEAN,0770,CENTRAL REGIONAL,533,14485,15018,2017-18
29,OCEAN,1150,EAGLESWOOD TWP,693,16475,17168,2017-18
29,OCEAN,2350,ISLAND HEIGHTS BORO,494,17022,17516,2017-18
29,OCEAN,2360,JACKSON TWP,390,13668,14058,2017-18
29,OCEAN,2480,LACEY TWP,437,14752,15189,2017-18
29,OCEAN,2500,LAKEHURST BORO,864,16636,17500,2017-18
29,OCEAN,2520,LAKEWOOD TWP,4958,13407,18365,2017-18
29,OCEAN,2550,LAVALLETTE BORO,564,20425,20989,2017-18
29,OCEAN,2690,LITTLE EGG HARBOR TWP,553,15153,15706,2017-18
29,OCEAN,2760,LONG BEACH ISLAND,686,25743,26429,2017-18
29,OCEAN,2940,MANCHESTER TWP,545,15296,15841,2017-18
29,OCEAN,3790,OCEAN COUNTY VOCATIONAL,713,14153,14866,2017-18
29,OCEAN,3800,OCEAN GATE BORO,842,17107,17949,2017-18
29,OCEAN,3820,OCEAN TWP,856,18106,18962,2017-18
29,OCEAN,4105,PINELANDS REGIONAL,698,18381,19079,2017-18
29,OCEAN,4190,PLUMSTED TWP,482,16295,16777,2017-18
29,OCEAN,4210,POINT PLEASANT BORO,368,13047,13415,2017-18
29,OCEAN,4220,POINT PLEASANT BEACH BORO,444,17377,17821,2017-18
29,OCEAN,4710,SEASIDE HEIGHTS BORO,2001,17893,19894,2017-18
29,OCEAN,4950,SOUTHERN REGIONAL,307,16209,16516,2017-18
29,OCEAN,5020,STAFFORD TWP,469,15126,15595,2017-18
29,OCEAN,5190,TOMS RIVER REGIONAL,477,12671,13148,2017-18
29,OCEAN,5220,TUCKERTON BORO,542,15435,15977,2017-18
31,PASSAIC,0420,BLOOMINGDALE BORO,661,17710,18371,2017-18
31,PASSAIC,0900,CLIFTON CITY,974,11937,12911,2017-18
31,PASSAIC,1920,HALEDON BORO,841,12727,13568,2017-18
31,PASSAIC,2100,HAWTHORNE BORO,490,13996,14486,2017-18
31,PASSAIC,2510,LAKELAND REGIONAL,336,19148,19484,2017-18
31,PASSAIC,2700,LITTLE FALLS TWP,421,14862,15283,2017-18
31,PASSAIC,3640,NORTH HALEDON BORO,446,12978,13424,2017-18
31,PASSAIC,3970,PASSAIC CITY,1154,15712,16866,2017-18
31,PASSAIC,3975,NORTHERN REGION EDUCATIONAL SERVICES COMMISSION,9999999,9999999,9999999,2017-18
31,PASSAIC,3980,PASSAIC CO MANCHESTER REG,692,13963,14655,2017-18
31,PASSAIC,3990,PASSAIC VALLEY REGIONAL,393,16347,16740,2017-18
31,PASSAIC,3995,PASSAIC COUNTY VOCATIONAL,1026,18950,19976,2017-18
31,PASSAIC,4010,PATERSON CITY,1148,14616,15764,2017-18
31,PASSAIC,4230,POMPTON LAKES BORO,399,16710,17109,2017-18
31,PASSAIC,4270,PROSPECT PARK BORO,890,10455,11345,2017-18
31,PASSAIC,4400,RINGWOOD BORO,401,16901,17302,2017-18
31,PASSAIC,5200,TOTOWA BORO,400,13130,13530,2017-18
31,PASSAIC,5440,WANAQUE BORO,478,15639,16117,2017-18
31,PASSAIC,5570,WAYNE TWP,326,17125,17451,2017-18
31,PASSAIC,5650,WEST MILFORD TWP,433,17484,17917,2017-18
31,PASSAIC,5690,WOODLAND PARK,571,13905,14476,2017-18
33,SALEM,0060,ALLOWAY TWP,713,11706,12419,2017-18
33,SALEM,1350,ELSINBORO TWP,0,12670,12670,2017-18
33,SALEM,2800,LOWER ALLOWAYS CREEK,621,18280,18901,2017-18
33,SALEM,2950,MANNINGTON TWP,1154,14460,15614,2017-18
33,SALEM,3860,OLDMANS TWP,555,12965,13520,2017-18
33,SALEM,4070,PENNS GRV-CARNEY'S PT REG,975,14251,15226,2017-18
33,SALEM,4075,PENNSVILLE,533,15291,15824,2017-18
33,SALEM,4150,PITTSGROVE TWP,476,14408,14884,2017-18
33,SALEM,4280,QUINTON TWP,773,12135,12908,2017-18
33,SALEM,4630,SALEM CITY,1156,16525,17681,2017-18
33,SALEM,4635,SALEM CO SPECIAL SERVICE,9999999,9999999,9999999,2017-18
33,SALEM,4640,SALEM COUNTY VOCATIONAL,387,9517,9904,2017-18
33,SALEM,5320,UPPER PITTSGROVE TWP,0,13724,13724,2017-18
33,SALEM,5910,WOODSTOWN-PILESGROVE REG,376,13292,13668,2017-18
35,SOMERSET,0240,BEDMINSTER TWP,491,17906,18397,2017-18
35,SOMERSET,0350,BERNARDS TWP,253,14328,14581,2017-18
35,SOMERSET,0490,BOUND BROOK BORO,1006,11433,12439,2017-18
35,SOMERSET,0510,BRANCHBURG TWP,318,16829,17147,2017-18
35,SOMERSET,0555,BRIDGEWATER-RARITAN REG,280,14604,14884,2017-18
35,SOMERSET,1610,FRANKLIN TWP,505,15100,15605,2017-18
35,SOMERSET,1810,GREEN BROOK TWP,270,16031,16301,2017-18
35,SOMERSET,2170,HILLSBOROUGH TWP,275,14398,14673,2017-18
35,SOMERSET,3000,MANVILLE BORO,0,12950,12950,2017-18
35,SOMERSET,3320,MONTGOMERY TWP,210,14540,14750,2017-18
35,SOMERSET,3670,NORTH PLAINFIELD BORO,647,15249,15896,2017-18
35,SOMERSET,4805,SOMERSET CO ED SERV COMM,9999999,9999999,9999999,2017-18
35,SOMERSET,4810,SOMERSET CO VOCATIONAL,1047,29051,30098,2017-18
35,SOMERSET,4815,SOMERSET HILLS REGIONAL,299,16046,16345,2017-18
35,SOMERSET,4820,SOMERVILLE BORO,477,14639,15116,2017-18
35,SOMERSET,4850,SOUTH BOUND BROOK,493,13534,14027,2017-18
35,SOMERSET,5470,WARREN TWP,291,20236,20527,2017-18
35,SOMERSET,5540,WATCHUNG BORO,259,15317,15576,2017-18
35,SOMERSET,5550,WATCHUNG HILLS REGIONAL,220,16021,16241,2017-18
37,SUSSEX,0090,ANDOVER REG,409,17712,18121,2017-18
37,SUSSEX,0640,BYRAM TWP,298,15100,15398,2017-18
37,SUSSEX,1560,FRANKFORD TWP,451,16396,16847,2017-18
37,SUSSEX,1570,FRANKLIN BORO,752,16079,16831,2017-18
37,SUSSEX,1630,FREDON TWP,286,16218,16504,2017-18
37,SUSSEX,1800,GREEN TWP,469,16199,16668,2017-18
37,SUSSEX,1930,HAMBURG BORO,580,20221,20801,2017-18
37,SUSSEX,1980,HAMPTON TWP,744,18850,19594,2017-18
37,SUSSEX,2030,HARDYSTON TWP,312,13625,13937,2017-18
37,SUSSEX,2165,HIGH POINT REGIONAL,390,22413,22803,2017-18
37,SUSSEX,2240,HOPATCONG,695,19975,20670,2017-18
37,SUSSEX,2465,KITTATINNY REGIONAL,293,18376,18669,2017-18
37,SUSSEX,2490,LAFAYETTE TWP,461,16696,17157,2017-18
37,SUSSEX,2615,LENAPE VALLEY REGIONAL,266,15744,16010,2017-18
37,SUSSEX,3300,MONTAGUE TWP,898,18546,19444,2017-18
37,SUSSEX,3590,NEWTON TOWN,499,16254,16753,2017-18
37,SUSSEX,3840,OGDENSBURG BORO,476,16868,17344,2017-18
37,SUSSEX,4650,SANDYSTON-WALPACK TWP,508,18838,19346,2017-18
37,SUSSEX,4960,SPARTA TWP,331,15539,15870,2017-18
37,SUSSEX,5030,STANHOPE BORO,418,16644,17062,2017-18
37,SUSSEX,5040,STILLWATER TWP,509,17861,18370,2017-18
37,SUSSEX,5100,SUSSEX-WANTAGE REGIONAL,597,18355,18952,2017-18
37,SUSSEX,5105,SUSSEX CO ED SERV COMM,9999999,9999999,9999999,2017-18
37,SUSSEX,5110,SUSSEX COUNTY VOCATIONAL,500,15822,16322,2017-18
37,SUSSEX,5360,VERNON TWP,381,18000,18381,2017-18
37,SUSSEX,5435,WALLKILL VALLEY REGIONAL,382,18195,18577,2017-18
39,UNION,0310,BERKELEY HEIGHTS TWP,270,15870,16140,2017-18
39,UNION,0850,CLARK TWP,306,12961,13267,2017-18
39,UNION,0980,CRANFORD TWP,272,14560,14832,2017-18
39,UNION,1320,ELIZABETH CITY,720,15757,16477,2017-18
39,UNION,1710,GARWOOD BORO,386,13287,13673,2017-18
39,UNION,2190,HILLSIDE TWP,613,14689,15302,2017-18
39,UNION,2420,KENILWORTH BORO,332,14458,14790,2017-18
39,UNION,2660,LINDEN CITY,626,15526,16152,2017-18
39,UNION,3395,MORRIS-UNION JOINTURE COM,9999999,9999999,9999999,2017-18
39,UNION,3470,MOUNTAINSIDE BORO,340,12625,12965,2017-18
39,UNION,3560,NEW PROVIDENCE BORO,288,13349,13637,2017-18
39,UNION,4160,PLAINFIELD CITY,863,14777,15640,2017-18
39,UNION,4290,RAHWAY CITY,509,14281,14790,2017-18
39,UNION,4540,ROSELLE BORO,980,15994,16974,2017-18
39,UNION,4550,ROSELLE PARK BORO,486,14266,14752,2017-18
39,UNION,4670,SCOTCH PLAINS-FANWOOD REG,295,13470,13765,2017-18
39,UNION,5000,SPRINGFIELD TWP,285,13949,14234,2017-18
39,UNION,5090,SUMMIT CITY,343,15168,15511,2017-18
39,UNION,5245,UNION CO ED SERV COMM,9999999,9999999,9999999,2017-18
39,UNION,5260,UNION COUNTY VOCATIONAL,549,11232,11781,2017-18
39,UNION,5290,UNION TWP,413,14542,14955,2017-18
39,UNION,5730,WESTFIELD TOWN,274,13360,13634,2017-18
39,UNION,5810,WINFIELD TWP,464,16325,16789,2017-18
41,WARREN,0030,ALLAMUCHY TWP,372,13960,14332,2017-18
41,WARREN,0070,ALPHA BORO,717,16418,17135,2017-18
41,WARREN,0280,BELVIDERE TOWN,320,15262,15582,2017-18
41,WARREN,0400,BLAIRSTOWN TWP,538,15482,16020,2017-18
41,WARREN,1620,FRANKLIN TWP,559,20430,20989,2017-18
41,WARREN,1670,FRELINGHUYSEN TWP,421,15498,15919,2017-18
41,WARREN,1785,GREAT MEADOWS REGIONAL,425,16642,17067,2017-18
41,WARREN,1840,GREENWICH TWP,267,12035,12302,2017-18
41,WARREN,1870,HACKETTSTOWN,356,13769,14125,2017-18
41,WARREN,2040,HARMONY TWP,617,17531,18148,2017-18
41,WARREN,2250,HOPE TWP,663,18545,19208,2017-18
41,WARREN,2470,KNOWLTON TWP,660,18337,18997,2017-18
41,WARREN,2790,LOPATCONG TWP,348,10842,11190,2017-18
41,WARREN,2970,MANSFIELD TWP,551,13256,13807,2017-18
41,WARREN,3675,NORTH WARREN REGIONAL,376,15466,15842,2017-18
41,WARREN,3890,OXFORD TWP,481,15628,16109,2017-18
41,WARREN,4100,PHILLIPSBURG TOWN,737,15327,16064,2017-18
41,WARREN,4200,POHATCONG TWP,585,15249,15834,2017-18
41,WARREN,5450,WARREN CO SPECIAL SERVICE,9999999,9999999,9999999,2017-18
41,WARREN,5460,WARREN COUNTY VOCATIONAL,838,18554,19392,2017-18
41,WARREN,5465,WARREN HILLS REGIONAL,351,16032,16383,2017-18
41,WARREN,5480,WASHINGTON BORO,563,14113,14676,2017-18
41,WARREN,5530,WASHINGTON TWP,460,15993,16453,2017-18
41,WARREN,5780,WHITE TWP,665,19381,20046,2017-18
80,CHARTERS,6010,ACADEMY CHARTER HIGH SCHOOL,1141,19319,20460,2017-18
80,CHARTERS,6013,BERGEN ARTS AND SCIENCES CHARTER SCHOOL,450,11776,12226,2017-18
80,CHARTERS,6017,FOUNDATION ACADEMY CS,773,11700,12473,2017-18
80,CHARTERS,6018,CENTRAL JERSEY COLLEGE PREP CHARTER SCHOOL,505,12700,13205,2017-18
80,CHARTERS,6020,PRIDE ACADEMY CHARTER SCHOOL,840,14165,15005,2017-18
80,CHARTERS,6021,COMMUNITY CHARTER SCHOOL OF PATERSO,1856,13090,14946,2017-18
80,CHARTERS,6022,BURCH CHARTER SCHOOL OF EXCELLENCE,1716,12387,14103,2017-18
80,CHARTERS,6025,PAUL ROBESON HUMANITIES  CHARTER SCHOOL,942,14309,15251,2017-18
80,CHARTERS,6026,RIVERBANK CHARTER SCHOOL OF EXCELLE,235,9932,10167,2017-18
80,CHARTERS,6028,VINELAND PUBLIC CHARTER SCHOOL,597,9698,10295,2017-18
80,CHARTERS,6029,NEWARK EDUCATORS COMMUNITY CHARTER SCHOOL,1134,17968,19102,2017-18
80,CHARTERS,6030,THE ETHICAL COMMUNITY CHARTER SCHOOL,690,9958,10648,2017-18
80,CHARTERS,6032,ACADEMY FOR URBAN LEADERSHIP CHARTER SCHOOL,1107,12923,14030,2017-18
80,CHARTERS,6033,THE BARACK OBAMA GREEN CHARTER HIGH SCHOOL,816,13543,14359,2017-18
80,CHARTERS,6036,HOLA HOBOKEN DUAL LANG CS,672,11665,12337,2017-18
80,CHARTERS,6041,HATIKVAH INTERNATIONAL CS,516,12527,13043,2017-18
80,CHARTERS,6053,GREAT OAKS LEGACY CHARTER SCHOOL,941,13559,14500,2017-18
80,CHARTERS,6057,PEOPLES PREPARATORY CHARTER SCHOOL,772,18620,19392,2017-18
80,CHARTERS,6058,ROSEVILLE COMMUNITY CS,1280,12411,13691,2017-18
80,CHARTERS,6060,ATLANTIC COMMUNITY CHARTER SCHOOL,954,15256,16210,2017-18
80,CHARTERS,6064,DR LENA EDWARDS ACADEMIC CHARTER SCHOOL,1028,12104,13132,2017-18
80,CHARTERS,6067,KINGDOM CS OF LEADERSHIP,458,12421,12879,2017-18
80,CHARTERS,6068,M E T S CHARTER SCHOOL,1385,12634,14019,2017-18
80,CHARTERS,6069,MILLVILLE PUBLIC CHARTER SCHOOL,1018,9691,10709,2017-18
80,CHARTERS,6076,BENJAMIN BANNEKER PREP CS,448,12864,13312,2017-18
80,CHARTERS,6079,JOHN P HOLLAND CHARTER SCHOOL,988,15567,16555,2017-18
80,CHARTERS,6080,PASSAIC ARTS AND SCIENCE CHARTER SCHOOL,621,12133,12754,2017-18
80,CHARTERS,6081,THOMAS EDISON ENERGYSMART CHARTER SCHOOL,199,11303,11502,2017-18
80,CHARTERS,6082,BELOVED COMMUNITY CHARTER SCHOOL,656,10324,10980,2017-18
80,CHARTERS,6086,HOPE COMMUNITY CS,2351,12778,15129,2017-18
80,CHARTERS,6089,COMPASS ACADEMY CS,482,8381,8863,2017-18
80,CHARTERS,6093,JERSEY CITY GLOBAL CS,1276,8831,10107,2017-18
80,CHARTERS,6094,PHILLIP'S ACADEMY CHARTER SCHOOL,670,13541,14211,2017-18
80,CHARTERS,6096,PATERSON ARTS AND SCIENCE CHARTER SCHOOL,897,10219,11116,2017-18
80,CHARTERS,6099,LINK COMMUNITY CHARTER SCHOOL,644,15118,15762,2017-18
80,CHARTERS,6100,BRIDGETON PUBLIC CHARTER SCHOOL,1886,11296,13182,2017-18
80,CHARTERS,6101,COLLEGE ACHIEVE CENTRAL CHARTER SCHOOL,606,11275,11881,2017-18
80,CHARTERS,6102,CRESTHAVEN ACADEMY CHARTER SCHOOL,4389,16395,20784,2017-18
80,CHARTERS,6103,EMPOWERMENT ACADEMY CHARTER SCHOOL,836,11230,12066,2017-18
80,CHARTERS,6104,INTERNATIONAL ACADEMY OF ATLANTIC CITY CHARTER SCHOOL,1037,11560,12597,2017-18
80,CHARTERS,6105,HUDSON ARTS AND SCIENCE  CHARTER SCHOOL,1103,8766,9869,2017-18
80,CHARTERS,6106,PHILIP’S CHARTER SCHOOL OF PATERSON,5165,19271,24436,2017-18
80,CHARTERS,6107,CAMDEN’S PROMISE CHARTER SCHOOL,1039,14143,15182,2017-18
80,CHARTERS,6109,LEAD CHARTER SCHOOL,9999999,9999999,9999999,2017-18
80,CHARTERS,6110,ACHIEVE COMMUNITY CHARTER SCHOOL,9999999,9999999,9999999,2017-18
80,CHARTERS,6182,INTERNATIONAL ACADEMY OF TRENTON CHARTER SCHOOL,785,13491,14276,2017-18
80,CHARTERS,6183,TRENTON STEM-TO-CIVICS CS,479,16152,16631,2017-18
80,CHARTERS,6184,GREAT FUTURES CHARTER SCHOOL,965,13719,14684,2017-18
80,CHARTERS,6230,CLASSICAL ACADEMY CHARTER SCHOOL ,827,10179,11006,2017-18
80,CHARTERS,6232,ENVIRONMENT COMMUNITY CS,1144,19340,20484,2017-18
80,CHARTERS,6240,FREEDOM PREP CHARTER SCHOOL,1497,13521,15018,2017-18
80,CHARTERS,6320,DISCOVERY CS,755,14665,15420,2017-18
80,CHARTERS,6410,EAST ORANGE COMMUNITY CS,989,11986,12975,2017-18
80,CHARTERS,6420,ELYSIAN CS OF HOBOKEN,482,14759,15241,2017-18
80,CHARTERS,6430,ENGLEWOOD ON THE PALISADES CHARTER SCHOOL,650,15244,15894,2017-18
80,CHARTERS,6635,GREATER BRUNSWICK CS,890,13605,14495,2017-18
80,CHARTERS,6665,GRAY CS,749,13440,14189,2017-18
80,CHARTERS,6720,HOBOKEN CS,513,15761,16274,2017-18
80,CHARTERS,6740,HOPE ACADEMY CS,1115,11425,12540,2017-18
80,CHARTERS,6810,INTERNATIONAL CHARTER SCHOOL ,1197,13538,14735,2017-18
80,CHARTERS,6910,JERSEY CITY COMM. CS,998,11052,12050,2017-18
80,CHARTERS,6915,JERSEY CITY GOLDEN DOOR CHARTER SCHOOL,778,11785,12563,2017-18
80,CHARTERS,7100,LADY LIBERTY ACADEMY CS,1243,17388,18631,2017-18
80,CHARTERS,7109,LEAP ACADEMY UNIVERSITY CS,993,11952,12945,2017-18
80,CHARTERS,7115,LEARNING COMMUNITY CS,718,9907,10625,2017-18
80,CHARTERS,7210,MARION P. THOMAS CS,735,18508,19243,2017-18
80,CHARTERS,7290,NEW HORIZONS COMM. CS,1340,11709,13049,2017-18
80,CHARTERS,7320,NORTH STAR ACADEMY CHARTER SCHOOL,957,15009,15966,2017-18
80,CHARTERS,7325,TEAM ACADEMY CHARTER SCHOOL,940,17085,18025,2017-18
80,CHARTERS,7410,CHARTER~TECH HIGH SCHOOL,761,18287,19048,2017-18
80,CHARTERS,7500,PACE CS OF HAMILTON,830,13271,14101,2017-18
80,CHARTERS,7503,PATERSON CS FOR SCI/TECH,854,12513,13367,2017-18
80,CHARTERS,7540,PRINCETON CS,219,14882,15101,2017-18
80,CHARTERS,7600,QUEEN CITY ACADEMY CS,755,11484,12239,2017-18
80,CHARTERS,7720,THE RED BANK CS,612,15868,16480,2017-18
80,CHARTERS,7727,RIDGE AND VALLEY CS,266,13181,13447,2017-18
80,CHARTERS,7730,ROBERT TREAT ACADEMY CS,823,14320,15143,2017-18
80,CHARTERS,7735,MARIA L. VARISCO-ROGERS CS,927,15903,16830,2017-18
80,CHARTERS,7830,SOARING HEIGHTS CS,794,11146,11940,2017-18
80,CHARTERS,7850,SUSSEX COUNTY TECHNOLOGY CHARTER SCHOOL ,483,15580,16063,2017-18
80,CHARTERS,7890,TEANECK COMMUNITY CS,302,14967,15269,2017-18
80,CHARTERS,7891,COLLEGE ACHIEVE GREATER ASBURY PARK CHARTER SCHOOL,9999999,9999999,9999999,2017-18
80,CHARTERS,7892,COLLEGE ACHIEVE PATERSON CHARTER SCHOOL,9999999,9999999,9999999,2017-18
80,CHARTERS,7893,OCEAN ACADEMY CHARTER SCHOOL,9999999,9999999,9999999,2017-18
80,CHARTERS,8010,UNION COUNTY TEAMS CS,581,12092,12673,2017-18
80,CHARTERS,8050,UNITY CS,236,15118,15354,2017-18
80,CHARTERS,8060,UNIVERSITY ACADEMY CS,795,14750,15545,2017-18
80,CHARTERS,8065,UNIVERSITY HEIGHTS CS,860,17663,18523,2017-18
80,CHARTERS,8140,VILLAGE CS,1527,12868,14395,2017-18
