CountyCode,CountyName,DistrictCode,DistrictName,Teachers/Admins,RetentionPct_District,RetentionPct_State,Year
01,ATLANTIC,0010,ABSECON CITY,Administrators,75.0,86.2,2017-18
01,ATLANTIC,0010,ABSECON CITY,Teachers,88.0,90.2,2017-18
01,ATLANTIC,0110,ATLANTIC CITY,Administrators,82.4,86.2,2017-18
01,ATLANTIC,0110,ATLANTIC CITY,Teachers,93.5,90.2,2017-18
01,ATLANTIC,0120,ATLANTIC CO VOCATIONAL,Administrators,77.8,86.2,2017-18
01,ATLANTIC,0120,ATLANTIC CO VOCATIONAL,Teachers,94.2,90.2,2017-18
01,ATLANTIC,0125,ATLANTIC CO SPECIAL SERV,Administrators,85.7,86.2,2017-18
01,ATLANTIC,0125,ATLANTIC CO SPECIAL SERV,Teachers,89.5,90.2,2017-18
01,ATLANTIC,0570,BRIGANTINE CITY,Administrators,100.0,86.2,2017-18
01,ATLANTIC,0570,BRIGANTINE CITY,Teachers,92.9,90.2,2017-18
01,ATLANTIC,0590,BUENA REGIONAL,Administrators,81.8,86.2,2017-18
01,ATLANTIC,0590,BUENA REGIONAL,Teachers,89.8,90.2,2017-18
01,ATLANTIC,1300,EGG HARBOR CITY,Administrators,80.0,86.2,2017-18
01,ATLANTIC,1300,EGG HARBOR CITY,Teachers,84.3,90.2,2017-18
01,ATLANTIC,1310,EGG HARBOR TWP,Administrators,90.2,86.2,2017-18
01,ATLANTIC,1310,EGG HARBOR TWP,Teachers,95.8,90.2,2017-18
01,ATLANTIC,1410,ESTELL MANOR CITY,Administrators,66.7,86.2,2017-18
01,ATLANTIC,1410,ESTELL MANOR CITY,Teachers,100.0,90.2,2017-18
01,ATLANTIC,1540,FOLSOM BORO,Administrators,100.0,86.2,2017-18
01,ATLANTIC,1540,FOLSOM BORO,Teachers,90.0,90.2,2017-18
01,ATLANTIC,1690,GALLOWAY TWP,Administrators,83.3,86.2,2017-18
01,ATLANTIC,1690,GALLOWAY TWP,Teachers,91.2,90.2,2017-18
01,ATLANTIC,1790,GREATER EGG HARBOR REG,Administrators,90.0,86.2,2017-18
01,ATLANTIC,1790,GREATER EGG HARBOR REG,Teachers,86.9,90.2,2017-18
01,ATLANTIC,1940,HAMILTON TWP,Administrators,78.6,86.2,2017-18
01,ATLANTIC,1940,HAMILTON TWP,Teachers,92.4,90.2,2017-18
01,ATLANTIC,1960,HAMMONTON TOWN,Administrators,89.5,86.2,2017-18
01,ATLANTIC,1960,HAMMONTON TOWN,Teachers,91.4,90.2,2017-18
01,ATLANTIC,2680,LINWOOD CITY,Administrators,100.0,86.2,2017-18
01,ATLANTIC,2680,LINWOOD CITY,Teachers,84.7,90.2,2017-18
01,ATLANTIC,2910,MAINLAND REGIONAL,Administrators,100.0,86.2,2017-18
01,ATLANTIC,2910,MAINLAND REGIONAL,Teachers,95.5,90.2,2017-18
01,ATLANTIC,3020,MARGATE CITY,Administrators,100.0,86.2,2017-18
01,ATLANTIC,3020,MARGATE CITY,Teachers,98.0,90.2,2017-18
01,ATLANTIC,3480,MULLICA TWP,Administrators,83.3,86.2,2017-18
01,ATLANTIC,3480,MULLICA TWP,Teachers,81.3,90.2,2017-18
01,ATLANTIC,3720,NORTHFIELD CITY,Administrators,80.0,86.2,2017-18
01,ATLANTIC,3720,NORTHFIELD CITY,Teachers,95.6,90.2,2017-18
01,ATLANTIC,4180,PLEASANTVILLE CITY,Administrators,82.6,86.2,2017-18
01,ATLANTIC,4180,PLEASANTVILLE CITY,Teachers,91.1,90.2,2017-18
01,ATLANTIC,4240,PORT REPUBLIC CITY,Administrators,50.0,86.2,2017-18
01,ATLANTIC,4240,PORT REPUBLIC CITY,Teachers,78.6,90.2,2017-18
01,ATLANTIC,4800,SOMERS POINT CITY,Administrators,71.4,86.2,2017-18
01,ATLANTIC,4800,SOMERS POINT CITY,Teachers,87.7,90.2,2017-18
01,ATLANTIC,5350,VENTNOR CITY,Administrators,100.0,86.2,2017-18
01,ATLANTIC,5350,VENTNOR CITY,Teachers,94.4,90.2,2017-18
01,ATLANTIC,5760,WEYMOUTH TWP,Administrators,0.0,86.2,2017-18
01,ATLANTIC,5760,WEYMOUTH TWP,Teachers,83.3,90.2,2017-18
03,BERGEN,0040,ALLENDALE BORO,Administrators,100.0,86.2,2017-18
03,BERGEN,0040,ALLENDALE BORO,Teachers,92.1,90.2,2017-18
03,BERGEN,0080,ALPINE BORO,Administrators,50.0,86.2,2017-18
03,BERGEN,0080,ALPINE BORO,Teachers,83.3,90.2,2017-18
03,BERGEN,0285,BERGEN CO SPECIAL SERVICE,Administrators,82.4,86.2,2017-18
03,BERGEN,0285,BERGEN CO SPECIAL SERVICE,Teachers,89.9,90.2,2017-18
03,BERGEN,0290,BERGEN COUNTY VOCATIONAL,Administrators,95.2,86.2,2017-18
03,BERGEN,0290,BERGEN COUNTY VOCATIONAL,Teachers,92.2,90.2,2017-18
03,BERGEN,0300,BERGENFIELD BORO,Administrators,88.9,86.2,2017-18
03,BERGEN,0300,BERGENFIELD BORO,Teachers,92.1,90.2,2017-18
03,BERGEN,0440,BOGOTA BORO,Administrators,55.6,86.2,2017-18
03,BERGEN,0440,BOGOTA BORO,Teachers,92.2,90.2,2017-18
03,BERGEN,0740,CARLSTADT BORO,Administrators,80.0,86.2,2017-18
03,BERGEN,0740,CARLSTADT BORO,Teachers,84.1,90.2,2017-18
03,BERGEN,0745,CARLSTADT-EAST RUTHERFORD,Administrators,87.5,86.2,2017-18
03,BERGEN,0745,CARLSTADT-EAST RUTHERFORD,Teachers,81.4,90.2,2017-18
03,BERGEN,0890,CLIFFSIDE PARK BORO,Administrators,90.9,86.2,2017-18
03,BERGEN,0890,CLIFFSIDE PARK BORO,Teachers,91.2,90.2,2017-18
03,BERGEN,0930,CLOSTER BORO,Administrators,75.0,86.2,2017-18
03,BERGEN,0930,CLOSTER BORO,Teachers,89.1,90.2,2017-18
03,BERGEN,0990,CRESSKILL BORO,Administrators,78.6,86.2,2017-18
03,BERGEN,0990,CRESSKILL BORO,Teachers,95.1,90.2,2017-18
03,BERGEN,1070,DEMAREST BORO,Administrators,100.0,86.2,2017-18
03,BERGEN,1070,DEMAREST BORO,Teachers,82.6,90.2,2017-18
03,BERGEN,1130,DUMONT BORO,Administrators,94.4,86.2,2017-18
03,BERGEN,1130,DUMONT BORO,Teachers,95.4,90.2,2017-18
03,BERGEN,1230,EAST RUTHERFORD BORO,Administrators,66.7,86.2,2017-18
03,BERGEN,1230,EAST RUTHERFORD BORO,Teachers,94.6,90.2,2017-18
03,BERGEN,1270,EDGEWATER BORO,Administrators,100.0,86.2,2017-18
03,BERGEN,1270,EDGEWATER BORO,Teachers,89.6,90.2,2017-18
03,BERGEN,1345,ELMWOOD PARK,Administrators,100.0,86.2,2017-18
03,BERGEN,1345,ELMWOOD PARK,Teachers,85.5,90.2,2017-18
03,BERGEN,1360,EMERSON BORO,Administrators,100.0,86.2,2017-18
03,BERGEN,1360,EMERSON BORO,Teachers,88.0,90.2,2017-18
03,BERGEN,1370,ENGLEWOOD CITY,Administrators,68.0,86.2,2017-18
03,BERGEN,1370,ENGLEWOOD CITY,Teachers,86.5,90.2,2017-18
03,BERGEN,1380,ENGLEWOOD CLIFFS BORO,Administrators,75.0,86.2,2017-18
03,BERGEN,1380,ENGLEWOOD CLIFFS BORO,Teachers,81.8,90.2,2017-18
03,BERGEN,1450,FAIR LAWN BORO,Administrators,88.5,86.2,2017-18
03,BERGEN,1450,FAIR LAWN BORO,Teachers,93.4,90.2,2017-18
03,BERGEN,1470,FAIRVIEW BORO,Administrators,85.7,86.2,2017-18
03,BERGEN,1470,FAIRVIEW BORO,Teachers,88.6,90.2,2017-18
03,BERGEN,1550,FORT LEE BORO,Administrators,100.0,86.2,2017-18
03,BERGEN,1550,FORT LEE BORO,Teachers,93.0,90.2,2017-18
03,BERGEN,1580,FRANKLIN LAKES BORO,Administrators,100.0,86.2,2017-18
03,BERGEN,1580,FRANKLIN LAKES BORO,Teachers,87.4,90.2,2017-18
03,BERGEN,1700,GARFIELD CITY,Administrators,100.0,86.2,2017-18
03,BERGEN,1700,GARFIELD CITY,Teachers,91.5,90.2,2017-18
03,BERGEN,1760,GLEN ROCK BORO,Administrators,86.7,86.2,2017-18
03,BERGEN,1760,GLEN ROCK BORO,Teachers,92.3,90.2,2017-18
03,BERGEN,1860,HACKENSACK CITY,Administrators,70.6,86.2,2017-18
03,BERGEN,1860,HACKENSACK CITY,Teachers,92.9,90.2,2017-18
03,BERGEN,2050,HARRINGTON PARK BORO,Administrators,100.0,86.2,2017-18
03,BERGEN,2050,HARRINGTON PARK BORO,Teachers,94.5,90.2,2017-18
03,BERGEN,2080,HASBROUCK HEIGHTS BORO,Administrators,83.3,86.2,2017-18
03,BERGEN,2080,HASBROUCK HEIGHTS BORO,Teachers,88.9,90.2,2017-18
03,BERGEN,2090,HAWORTH BORO,Administrators,75.0,86.2,2017-18
03,BERGEN,2090,HAWORTH BORO,Teachers,69.0,90.2,2017-18
03,BERGEN,2180,HILLSDALE BORO,Administrators,100.0,86.2,2017-18
03,BERGEN,2180,HILLSDALE BORO,Teachers,91.0,90.2,2017-18
03,BERGEN,2200,HO HO KUS BORO,Administrators,80.0,86.2,2017-18
03,BERGEN,2200,HO HO KUS BORO,Teachers,94.2,90.2,2017-18
03,BERGEN,2620,LEONIA BORO,Administrators,94.1,86.2,2017-18
03,BERGEN,2620,LEONIA BORO,Teachers,94.1,90.2,2017-18
03,BERGEN,2710,LITTLE FERRY BORO,Administrators,83.3,86.2,2017-18
03,BERGEN,2710,LITTLE FERRY BORO,Teachers,92.3,90.2,2017-18
03,BERGEN,2740,LODI BOROUGH,Administrators,96.2,86.2,2017-18
03,BERGEN,2740,LODI BOROUGH,Teachers,91.5,90.2,2017-18
03,BERGEN,2860,LYNDHURST TWP,Administrators,76.2,86.2,2017-18
03,BERGEN,2860,LYNDHURST TWP,Teachers,94.5,90.2,2017-18
03,BERGEN,2900,MAHWAH TWP,Administrators,83.3,86.2,2017-18
03,BERGEN,2900,MAHWAH TWP,Teachers,89.7,90.2,2017-18
03,BERGEN,3060,MAYWOOD BORO,Administrators,100.0,86.2,2017-18
03,BERGEN,3060,MAYWOOD BORO,Teachers,90.9,90.2,2017-18
03,BERGEN,3170,MIDLAND PARK BORO,Administrators,81.8,86.2,2017-18
03,BERGEN,3170,MIDLAND PARK BORO,Teachers,87.7,90.2,2017-18
03,BERGEN,3330,MONTVALE BORO,Administrators,87.5,86.2,2017-18
03,BERGEN,3330,MONTVALE BORO,Teachers,87.2,90.2,2017-18
03,BERGEN,3350,MOONACHIE BORO,Administrators,100.0,86.2,2017-18
03,BERGEN,3350,MOONACHIE BORO,Teachers,83.9,90.2,2017-18
03,BERGEN,3550,NEW MILFORD BORO,Administrators,92.9,86.2,2017-18
03,BERGEN,3550,NEW MILFORD BORO,Teachers,92.1,90.2,2017-18
03,BERGEN,3600,NORTH ARLINGTON BORO,Administrators,73.3,86.2,2017-18
03,BERGEN,3600,NORTH ARLINGTON BORO,Teachers,87.3,90.2,2017-18
03,BERGEN,3700,NORTHERN HIGHLANDS REG,Administrators,100.0,86.2,2017-18
03,BERGEN,3700,NORTHERN HIGHLANDS REG,Teachers,94.8,90.2,2017-18
03,BERGEN,3710,NORTHERN VALLEY REGIONAL,Administrators,80.0,86.2,2017-18
03,BERGEN,3710,NORTHERN VALLEY REGIONAL,Teachers,90.7,90.2,2017-18
03,BERGEN,3730,NORTHVALE BORO,Administrators,80.0,86.2,2017-18
03,BERGEN,3730,NORTHVALE BORO,Teachers,89.6,90.2,2017-18
03,BERGEN,3740,NORWOOD BORO,Administrators,100.0,86.2,2017-18
03,BERGEN,3740,NORWOOD BORO,Teachers,89.8,90.2,2017-18
03,BERGEN,3760,OAKLAND BORO,Administrators,90.9,86.2,2017-18
03,BERGEN,3760,OAKLAND BORO,Teachers,92.6,90.2,2017-18
03,BERGEN,3850,OLD TAPPAN BORO,Administrators,83.3,86.2,2017-18
03,BERGEN,3850,OLD TAPPAN BORO,Teachers,84.4,90.2,2017-18
03,BERGEN,3870,ORADELL BORO,Administrators,42.9,86.2,2017-18
03,BERGEN,3870,ORADELL BORO,Teachers,95.2,90.2,2017-18
03,BERGEN,3910,PALISADES PARK,Administrators,9999999.0,86.2,2017-18
03,BERGEN,3910,PALISADES PARK,Teachers,9999999.0,90.2,2017-18
03,BERGEN,3930,PARAMUS BORO,Administrators,95.8,86.2,2017-18
03,BERGEN,3930,PARAMUS BORO,Teachers,94.0,90.2,2017-18
03,BERGEN,3940,PARK RIDGE BORO,Administrators,93.3,86.2,2017-18
03,BERGEN,3940,PARK RIDGE BORO,Teachers,89.8,90.2,2017-18
03,BERGEN,3960,PASCACK VALLEY REGIONAL,Administrators,100.0,86.2,2017-18
03,BERGEN,3960,PASCACK VALLEY REGIONAL,Teachers,93.1,90.2,2017-18
03,BERGEN,4300,RAMAPO-INDIAN HILL REG,Administrators,96.0,86.2,2017-18
03,BERGEN,4300,RAMAPO-INDIAN HILL REG,Teachers,89.6,90.2,2017-18
03,BERGEN,4310,RAMSEY BORO,Administrators,90.0,86.2,2017-18
03,BERGEN,4310,RAMSEY BORO,Teachers,92.5,90.2,2017-18
03,BERGEN,4370,RIDGEFIELD BORO,Administrators,83.3,86.2,2017-18
03,BERGEN,4370,RIDGEFIELD BORO,Teachers,89.5,90.2,2017-18
03,BERGEN,4380,RIDGEFIELD PARK TWP,Administrators,93.3,86.2,2017-18
03,BERGEN,4380,RIDGEFIELD PARK TWP,Teachers,90.4,90.2,2017-18
03,BERGEN,4390,RIDGEWOOD VILLAGE,Administrators,96.8,86.2,2017-18
03,BERGEN,4390,RIDGEWOOD VILLAGE,Teachers,91.6,90.2,2017-18
03,BERGEN,4405,RIVER DELL REGIONAL,Administrators,100.0,86.2,2017-18
03,BERGEN,4405,RIVER DELL REGIONAL,Teachers,92.7,90.2,2017-18
03,BERGEN,4410,RIVER EDGE BORO,Administrators,77.8,86.2,2017-18
03,BERGEN,4410,RIVER EDGE BORO,Teachers,91.7,90.2,2017-18
03,BERGEN,4430,RIVER VALE TWP,Administrators,85.7,86.2,2017-18
03,BERGEN,4430,RIVER VALE TWP,Teachers,95.0,90.2,2017-18
03,BERGEN,4470,ROCHELLE PARK TWP,Administrators,66.7,86.2,2017-18
03,BERGEN,4470,ROCHELLE PARK TWP,Teachers,86.7,90.2,2017-18
03,BERGEN,4600,RUTHERFORD BORO,Administrators,100.0,86.2,2017-18
03,BERGEN,4600,RUTHERFORD BORO,Teachers,90.5,90.2,2017-18
03,BERGEN,4610,SADDLE BROOK TWP,Administrators,75.0,86.2,2017-18
03,BERGEN,4610,SADDLE BROOK TWP,Teachers,93.8,90.2,2017-18
03,BERGEN,4620,SADDLE RIVER BORO,Administrators,50.0,86.2,2017-18
03,BERGEN,4620,SADDLE RIVER BORO,Teachers,85.7,90.2,2017-18
03,BERGEN,4845,SOUTH BERGEN JOINTURE COM,Administrators,100.0,86.2,2017-18
03,BERGEN,4845,SOUTH BERGEN JOINTURE COM,Teachers,96.7,90.2,2017-18
03,BERGEN,4870,SOUTH HACKENSACK TWP,Administrators,100.0,86.2,2017-18
03,BERGEN,4870,SOUTH HACKENSACK TWP,Teachers,95.8,90.2,2017-18
03,BERGEN,5150,TEANECK TWP,Administrators,85.2,86.2,2017-18
03,BERGEN,5150,TEANECK TWP,Teachers,91.5,90.2,2017-18
03,BERGEN,5160,TENAFLY BORO,Administrators,88.9,86.2,2017-18
03,BERGEN,5160,TENAFLY BORO,Teachers,90.0,90.2,2017-18
03,BERGEN,5330,UPPER SADDLE RIVER BORO,Administrators,80.0,86.2,2017-18
03,BERGEN,5330,UPPER SADDLE RIVER BORO,Teachers,86.2,90.2,2017-18
03,BERGEN,5410,WALDWICK BORO,Administrators,92.3,86.2,2017-18
03,BERGEN,5410,WALDWICK BORO,Teachers,91.7,90.2,2017-18
03,BERGEN,5430,WALLINGTON BORO,Administrators,100.0,86.2,2017-18
03,BERGEN,5430,WALLINGTON BORO,Teachers,84.7,90.2,2017-18
03,BERGEN,5755,WESTWOOD REGIONAL,Administrators,68.2,86.2,2017-18
03,BERGEN,5755,WESTWOOD REGIONAL,Teachers,93.1,90.2,2017-18
03,BERGEN,5830,WOOD-RIDGE BORO,Administrators,75.0,86.2,2017-18
03,BERGEN,5830,WOOD-RIDGE BORO,Teachers,88.3,90.2,2017-18
03,BERGEN,5880,WOODCLIFF LAKE BORO,Administrators,66.7,86.2,2017-18
03,BERGEN,5880,WOODCLIFF LAKE BORO,Teachers,87.2,90.2,2017-18
03,BERGEN,5920,WYCKOFF TWP,Administrators,83.3,86.2,2017-18
03,BERGEN,5920,WYCKOFF TWP,Teachers,89.2,90.2,2017-18
05,BURLINGTON,0200,BASS RIVER TWP,Administrators,0.0,86.2,2017-18
05,BURLINGTON,0200,BASS RIVER TWP,Teachers,93.3,90.2,2017-18
05,BURLINGTON,0380,BEVERLY CITY,Administrators,100.0,86.2,2017-18
05,BURLINGTON,0380,BEVERLY CITY,Teachers,96.2,90.2,2017-18
05,BURLINGTON,0475,BORDENTOWN REGIONAL,Administrators,92.9,86.2,2017-18
05,BURLINGTON,0475,BORDENTOWN REGIONAL,Teachers,93.1,90.2,2017-18
05,BURLINGTON,0600,BURLINGTON CITY,Administrators,93.8,86.2,2017-18
05,BURLINGTON,0600,BURLINGTON CITY,Teachers,93.2,90.2,2017-18
05,BURLINGTON,0605,BURLINGTON CO SPEC SERV,Administrators,76.5,86.2,2017-18
05,BURLINGTON,0605,BURLINGTON CO SPEC SERV,Teachers,87.7,90.2,2017-18
05,BURLINGTON,0610,BURLINGTON CO VOCATIONAL,Administrators,100.0,86.2,2017-18
05,BURLINGTON,0610,BURLINGTON CO VOCATIONAL,Teachers,87.8,90.2,2017-18
05,BURLINGTON,0620,BURLINGTON TWP,Administrators,95.2,86.2,2017-18
05,BURLINGTON,0620,BURLINGTON TWP,Teachers,92.9,90.2,2017-18
05,BURLINGTON,0830,CHESTERFIELD TWP,Administrators,66.7,86.2,2017-18
05,BURLINGTON,0830,CHESTERFIELD TWP,Teachers,86.7,90.2,2017-18
05,BURLINGTON,0840,CINNAMINSON TWP,Administrators,95.5,86.2,2017-18
05,BURLINGTON,0840,CINNAMINSON TWP,Teachers,92.7,90.2,2017-18
05,BURLINGTON,1030,DELANCO TWP,Administrators,100.0,86.2,2017-18
05,BURLINGTON,1030,DELANCO TWP,Teachers,96.9,90.2,2017-18
05,BURLINGTON,1060,DELRAN TWP,Administrators,83.3,86.2,2017-18
05,BURLINGTON,1060,DELRAN TWP,Teachers,90.2,90.2,2017-18
05,BURLINGTON,1250,EASTAMPTON TWP,Administrators,80.0,86.2,2017-18
05,BURLINGTON,1250,EASTAMPTON TWP,Teachers,87.8,90.2,2017-18
05,BURLINGTON,1280,EDGEWATER PARK TWP,Administrators,100.0,86.2,2017-18
05,BURLINGTON,1280,EDGEWATER PARK TWP,Teachers,91.2,90.2,2017-18
05,BURLINGTON,1420,EVESHAM TWP,Administrators,95.5,86.2,2017-18
05,BURLINGTON,1420,EVESHAM TWP,Teachers,91.0,90.2,2017-18
05,BURLINGTON,1520,FLORENCE TWP,Administrators,57.1,86.2,2017-18
05,BURLINGTON,1520,FLORENCE TWP,Teachers,93.7,90.2,2017-18
05,BURLINGTON,1910,HAINESPORT TWP,Administrators,25.0,86.2,2017-18
05,BURLINGTON,1910,HAINESPORT TWP,Teachers,98.3,90.2,2017-18
05,BURLINGTON,2610,LENAPE REGIONAL,Administrators,95.0,86.2,2017-18
05,BURLINGTON,2610,LENAPE REGIONAL,Teachers,94.8,90.2,2017-18
05,BURLINGTON,2850,LUMBERTON TWP,Administrators,77.8,86.2,2017-18
05,BURLINGTON,2850,LUMBERTON TWP,Teachers,92.0,90.2,2017-18
05,BURLINGTON,2960,MANSFIELD TWP,Administrators,50.0,86.2,2017-18
05,BURLINGTON,2960,MANSFIELD TWP,Teachers,86.4,90.2,2017-18
05,BURLINGTON,3010,MAPLE SHADE TWP,Administrators,81.3,86.2,2017-18
05,BURLINGTON,3010,MAPLE SHADE TWP,Teachers,87.6,90.2,2017-18
05,BURLINGTON,3070,MEDFORD LAKES BORO,Administrators,75.0,86.2,2017-18
05,BURLINGTON,3070,MEDFORD LAKES BORO,Teachers,97.6,90.2,2017-18
05,BURLINGTON,3080,MEDFORD TWP,Administrators,93.8,86.2,2017-18
05,BURLINGTON,3080,MEDFORD TWP,Teachers,91.2,90.2,2017-18
05,BURLINGTON,3360,MOORESTOWN TWP,Administrators,88.5,86.2,2017-18
05,BURLINGTON,3360,MOORESTOWN TWP,Teachers,95.6,90.2,2017-18
05,BURLINGTON,3430,MOUNT HOLLY TWP,Administrators,75.0,86.2,2017-18
05,BURLINGTON,3430,MOUNT HOLLY TWP,Teachers,93.5,90.2,2017-18
05,BURLINGTON,3440,MOUNT LAUREL TWP,Administrators,85.7,86.2,2017-18
05,BURLINGTON,3440,MOUNT LAUREL TWP,Teachers,91.9,90.2,2017-18
05,BURLINGTON,3540,NEW HANOVER TWP,Administrators,100.0,86.2,2017-18
05,BURLINGTON,3540,NEW HANOVER TWP,Teachers,81.5,90.2,2017-18
05,BURLINGTON,3650,NORTH HANOVER TWP,Administrators,87.5,86.2,2017-18
05,BURLINGTON,3650,NORTH HANOVER TWP,Teachers,88.5,90.2,2017-18
05,BURLINGTON,3690,NORTHERN BURLINGTON REG,Administrators,80.0,86.2,2017-18
05,BURLINGTON,3690,NORTHERN BURLINGTON REG,Teachers,93.8,90.2,2017-18
05,BURLINGTON,3920,PALMYRA BORO,Administrators,80.0,86.2,2017-18
05,BURLINGTON,3920,PALMYRA BORO,Teachers,88.1,90.2,2017-18
05,BURLINGTON,4050,PEMBERTON TWP,Administrators,97.1,86.2,2017-18
05,BURLINGTON,4050,PEMBERTON TWP,Teachers,91.3,90.2,2017-18
05,BURLINGTON,4320,RANCOCAS VALLEY REGIONAL,Administrators,85.7,86.2,2017-18
05,BURLINGTON,4320,RANCOCAS VALLEY REGIONAL,Teachers,90.3,90.2,2017-18
05,BURLINGTON,4450,RIVERSIDE TWP,Administrators,90.0,86.2,2017-18
05,BURLINGTON,4450,RIVERSIDE TWP,Teachers,93.2,90.2,2017-18
05,BURLINGTON,4460,RIVERTON,Administrators,33.3,86.2,2017-18
05,BURLINGTON,4460,RIVERTON,Teachers,96.0,90.2,2017-18
05,BURLINGTON,4740,SHAMONG TWP,Administrators,100.0,86.2,2017-18
05,BURLINGTON,4740,SHAMONG TWP,Teachers,94.1,90.2,2017-18
05,BURLINGTON,4930,SOUTHAMPTON TWP,Administrators,77.8,86.2,2017-18
05,BURLINGTON,4930,SOUTHAMPTON TWP,Teachers,93.2,90.2,2017-18
05,BURLINGTON,5010,SPRINGFIELD TWP,Administrators,100.0,86.2,2017-18
05,BURLINGTON,5010,SPRINGFIELD TWP,Teachers,100.0,90.2,2017-18
05,BURLINGTON,5130,TABERNACLE TWP,Administrators,33.3,86.2,2017-18
05,BURLINGTON,5130,TABERNACLE TWP,Teachers,84.4,90.2,2017-18
05,BURLINGTON,5720,WESTAMPTON,Administrators,80.0,86.2,2017-18
05,BURLINGTON,5720,WESTAMPTON,Teachers,88.6,90.2,2017-18
05,BURLINGTON,5805,WILLINGBORO TWP,Administrators,92.9,86.2,2017-18
05,BURLINGTON,5805,WILLINGBORO TWP,Teachers,95.3,90.2,2017-18
05,BURLINGTON,5890,WOODLAND TWP,Administrators,66.7,86.2,2017-18
05,BURLINGTON,5890,WOODLAND TWP,Teachers,93.3,90.2,2017-18
07,CAMDEN,0150,AUDUBON BORO,Administrators,75.0,86.2,2017-18
07,CAMDEN,0150,AUDUBON BORO,Teachers,88.9,90.2,2017-18
07,CAMDEN,0190,BARRINGTON BORO,Administrators,100.0,86.2,2017-18
07,CAMDEN,0190,BARRINGTON BORO,Teachers,91.5,90.2,2017-18
07,CAMDEN,0260,BELLMAWR BORO,Administrators,90.0,86.2,2017-18
07,CAMDEN,0260,BELLMAWR BORO,Teachers,91.1,90.2,2017-18
07,CAMDEN,0330,BERLIN BORO,Administrators,66.7,86.2,2017-18
07,CAMDEN,0330,BERLIN BORO,Teachers,87.8,90.2,2017-18
07,CAMDEN,0340,BERLIN TWP,Administrators,100.0,86.2,2017-18
07,CAMDEN,0340,BERLIN TWP,Teachers,92.2,90.2,2017-18
07,CAMDEN,0390,BLACK HORSE PIKE REGIONAL,Administrators,85.3,86.2,2017-18
07,CAMDEN,0390,BLACK HORSE PIKE REGIONAL,Teachers,92.9,90.2,2017-18
07,CAMDEN,0580,BROOKLAWN BORO,Administrators,25.0,86.2,2017-18
07,CAMDEN,0580,BROOKLAWN BORO,Teachers,93.3,90.2,2017-18
07,CAMDEN,0680,CAMDEN CITY,Administrators,76.9,86.2,2017-18
07,CAMDEN,0680,CAMDEN CITY,Teachers,75.8,90.2,2017-18
07,CAMDEN,0700,CAMDEN COUNTY VOCATIONAL,Administrators,92.0,86.2,2017-18
07,CAMDEN,0700,CAMDEN COUNTY VOCATIONAL,Teachers,90.1,90.2,2017-18
07,CAMDEN,0800,CHERRY HILL TWP,Administrators,91.3,86.2,2017-18
07,CAMDEN,0800,CHERRY HILL TWP,Teachers,95.0,90.2,2017-18
07,CAMDEN,0880,CLEMENTON BORO,Administrators,75.0,86.2,2017-18
07,CAMDEN,0880,CLEMENTON BORO,Teachers,94.0,90.2,2017-18
07,CAMDEN,0940,COLLINGSWOOD BORO,Administrators,100.0,86.2,2017-18
07,CAMDEN,0940,COLLINGSWOOD BORO,Teachers,91.3,90.2,2017-18
07,CAMDEN,1255,EASTERN CAMDEN COUNTY REG,Administrators,91.7,86.2,2017-18
07,CAMDEN,1255,EASTERN CAMDEN COUNTY REG,Teachers,93.5,90.2,2017-18
07,CAMDEN,1720,GIBBSBORO BORO,Administrators,66.7,86.2,2017-18
07,CAMDEN,1720,GIBBSBORO BORO,Teachers,96.3,90.2,2017-18
07,CAMDEN,1770,GLOUCESTER CITY,Administrators,93.8,86.2,2017-18
07,CAMDEN,1770,GLOUCESTER CITY,Teachers,91.6,90.2,2017-18
07,CAMDEN,1780,GLOUCESTER TWP,Administrators,91.4,86.2,2017-18
07,CAMDEN,1780,GLOUCESTER TWP,Teachers,94.9,90.2,2017-18
07,CAMDEN,1799,"KIPP: COOPER NORCROSS, A NEW JERSEY NONPROFIT CORPORATION",Administrators,0.0,86.2,2017-18
07,CAMDEN,1799,"KIPP: COOPER NORCROSS, A NEW JERSEY NONPROFIT CORPORATION",Teachers,50.0,90.2,2017-18
07,CAMDEN,1801,"CAMDEN PREP, INC.",Administrators,9999999.0,86.2,2017-18
07,CAMDEN,1801,"CAMDEN PREP, INC.",Teachers,51.9,90.2,2017-18
07,CAMDEN,1802,"MASTERY SCHOOLS OF CAMDEN, INC. ",Administrators,80.0,86.2,2017-18
07,CAMDEN,1802,"MASTERY SCHOOLS OF CAMDEN, INC. ",Teachers,76.2,90.2,2017-18
07,CAMDEN,1880,HADDON HEIGHTS BORO,Administrators,90.0,86.2,2017-18
07,CAMDEN,1880,HADDON HEIGHTS BORO,Teachers,92.8,90.2,2017-18
07,CAMDEN,1890,HADDON TWP,Administrators,93.3,86.2,2017-18
07,CAMDEN,1890,HADDON TWP,Teachers,93.4,90.2,2017-18
07,CAMDEN,1900,HADDONFIELD BORO,Administrators,93.3,86.2,2017-18
07,CAMDEN,1900,HADDONFIELD BORO,Teachers,89.6,90.2,2017-18
07,CAMDEN,2540,LAUREL SPRINGS BORO,Administrators,100.0,86.2,2017-18
07,CAMDEN,2540,LAUREL SPRINGS BORO,Teachers,94.4,90.2,2017-18
07,CAMDEN,2560,LAWNSIDE BORO,Administrators,83.3,86.2,2017-18
07,CAMDEN,2560,LAWNSIDE BORO,Teachers,92.3,90.2,2017-18
07,CAMDEN,2670,LINDENWOLD BORO,Administrators,80.0,86.2,2017-18
07,CAMDEN,2670,LINDENWOLD BORO,Teachers,80.5,90.2,2017-18
07,CAMDEN,2890,MAGNOLIA BORO,Administrators,75.0,86.2,2017-18
07,CAMDEN,2890,MAGNOLIA BORO,Teachers,90.0,90.2,2017-18
07,CAMDEN,3110,MERCHANTVILLE BORO,Administrators,100.0,86.2,2017-18
07,CAMDEN,3110,MERCHANTVILLE BORO,Teachers,93.9,90.2,2017-18
07,CAMDEN,3420,MOUNT EPHRAIM BORO,Administrators,100.0,86.2,2017-18
07,CAMDEN,3420,MOUNT EPHRAIM BORO,Teachers,94.3,90.2,2017-18
07,CAMDEN,3770,OAKLYN BORO,Administrators,100.0,86.2,2017-18
07,CAMDEN,3770,OAKLYN BORO,Teachers,89.7,90.2,2017-18
07,CAMDEN,4060,PENNSAUKEN TWP,Administrators,92.0,86.2,2017-18
07,CAMDEN,4060,PENNSAUKEN TWP,Teachers,93.0,90.2,2017-18
07,CAMDEN,4110,PINE HILL BORO,Administrators,100.0,86.2,2017-18
07,CAMDEN,4110,PINE HILL BORO,Teachers,89.4,90.2,2017-18
07,CAMDEN,4590,RUNNEMEDE BORO,Administrators,100.0,86.2,2017-18
07,CAMDEN,4590,RUNNEMEDE BORO,Teachers,95.5,90.2,2017-18
07,CAMDEN,4790,SOMERDALE BORO,Administrators,100.0,86.2,2017-18
07,CAMDEN,4790,SOMERDALE BORO,Teachers,97.9,90.2,2017-18
07,CAMDEN,5035,STERLING HIGH SCHOOL DIST,Administrators,100.0,86.2,2017-18
07,CAMDEN,5035,STERLING HIGH SCHOOL DIST,Teachers,90.3,90.2,2017-18
07,CAMDEN,5080,STRATFORD BORO,Administrators,100.0,86.2,2017-18
07,CAMDEN,5080,STRATFORD BORO,Teachers,96.1,90.2,2017-18
07,CAMDEN,5400,VOORHEES TWP,Administrators,100.0,86.2,2017-18
07,CAMDEN,5400,VOORHEES TWP,Teachers,94.4,90.2,2017-18
07,CAMDEN,5560,WATERFORD TWP,Administrators,75.0,86.2,2017-18
07,CAMDEN,5560,WATERFORD TWP,Teachers,91.0,90.2,2017-18
07,CAMDEN,5820,WINSLOW TWP,Administrators,93.3,86.2,2017-18
07,CAMDEN,5820,WINSLOW TWP,Teachers,93.0,90.2,2017-18
07,CAMDEN,5900,WOODLYNNE BORO,Administrators,100.0,86.2,2017-18
07,CAMDEN,5900,WOODLYNNE BORO,Teachers,78.1,90.2,2017-18
09,CAPE MAY,0170,AVALON BORO,Administrators,75.0,86.2,2017-18
09,CAPE MAY,0170,AVALON BORO,Teachers,85.7,90.2,2017-18
09,CAPE MAY,0710,CAPE MAY CITY,Administrators,100.0,86.2,2017-18
09,CAPE MAY,0710,CAPE MAY CITY,Teachers,86.4,90.2,2017-18
09,CAPE MAY,0715,CAPE MAY CO SPECIAL SERV,Administrators,66.7,86.2,2017-18
09,CAPE MAY,0715,CAPE MAY CO SPECIAL SERV,Teachers,72.7,90.2,2017-18
09,CAPE MAY,0720,CAPE MAY CO VOCATIONAL,Administrators,100.0,86.2,2017-18
09,CAPE MAY,0720,CAPE MAY CO VOCATIONAL,Teachers,94.1,90.2,2017-18
09,CAPE MAY,1080,DENNIS TWP,Administrators,80.0,86.2,2017-18
09,CAPE MAY,1080,DENNIS TWP,Teachers,90.9,90.2,2017-18
09,CAPE MAY,2820,LOWER CAPE MAY REGIONAL,Administrators,90.9,86.2,2017-18
09,CAPE MAY,2820,LOWER CAPE MAY REGIONAL,Teachers,91.4,90.2,2017-18
09,CAPE MAY,2840,LOWER TWP,Administrators,77.8,86.2,2017-18
09,CAPE MAY,2840,LOWER TWP,Teachers,95.0,90.2,2017-18
09,CAPE MAY,3130,MIDDLE TWP,Administrators,85.7,86.2,2017-18
09,CAPE MAY,3130,MIDDLE TWP,Teachers,92.9,90.2,2017-18
09,CAPE MAY,3680,NORTH WILDWOOD CITY,Administrators,75.0,86.2,2017-18
09,CAPE MAY,3680,NORTH WILDWOOD CITY,Teachers,95.0,90.2,2017-18
09,CAPE MAY,3780,OCEAN CITY,Administrators,90.9,86.2,2017-18
09,CAPE MAY,3780,OCEAN CITY,Teachers,95.7,90.2,2017-18
09,CAPE MAY,5060,STONE HARBOR BORO,Administrators,75.0,86.2,2017-18
09,CAPE MAY,5060,STONE HARBOR BORO,Teachers,80.0,90.2,2017-18
09,CAPE MAY,5340,UPPER TWP,Administrators,75.0,86.2,2017-18
09,CAPE MAY,5340,UPPER TWP,Teachers,89.5,90.2,2017-18
09,CAPE MAY,5610,WEST CAPE MAY BORO,Administrators,100.0,86.2,2017-18
09,CAPE MAY,5610,WEST CAPE MAY BORO,Teachers,41.7,90.2,2017-18
09,CAPE MAY,5790,WILDWOOD CITY,Administrators,87.5,86.2,2017-18
09,CAPE MAY,5790,WILDWOOD CITY,Teachers,95.8,90.2,2017-18
09,CAPE MAY,5800,WILDWOOD CREST BORO,Administrators,75.0,86.2,2017-18
09,CAPE MAY,5800,WILDWOOD CREST BORO,Teachers,94.1,90.2,2017-18
09,CAPE MAY,5840,WOODBINE BORO,Administrators,100.0,86.2,2017-18
09,CAPE MAY,5840,WOODBINE BORO,Teachers,78.3,90.2,2017-18
11,CUMBERLAND,0540,BRIDGETON CITY,Administrators,88.9,86.2,2017-18
11,CUMBERLAND,0540,BRIDGETON CITY,Teachers,93.7,90.2,2017-18
11,CUMBERLAND,0950,COMMERCIAL TWP,Administrators,75.0,86.2,2017-18
11,CUMBERLAND,0950,COMMERCIAL TWP,Teachers,86.7,90.2,2017-18
11,CUMBERLAND,0995,CUMBERLAND CO VOCATIONAL,Administrators,87.5,86.2,2017-18
11,CUMBERLAND,0995,CUMBERLAND CO VOCATIONAL,Teachers,82.5,90.2,2017-18
11,CUMBERLAND,0997,CUMBERLAND REGIONAL,Administrators,90.9,86.2,2017-18
11,CUMBERLAND,0997,CUMBERLAND REGIONAL,Teachers,86.6,90.2,2017-18
11,CUMBERLAND,1020,DEERFIELD TWP,Administrators,66.7,86.2,2017-18
11,CUMBERLAND,1020,DEERFIELD TWP,Teachers,90.0,90.2,2017-18
11,CUMBERLAND,1120,DOWNE TWP,Administrators,100.0,86.2,2017-18
11,CUMBERLAND,1120,DOWNE TWP,Teachers,88.9,90.2,2017-18
11,CUMBERLAND,1460,FAIRFIELD TWP,Administrators,0.0,86.2,2017-18
11,CUMBERLAND,1460,FAIRFIELD TWP,Teachers,89.6,90.2,2017-18
11,CUMBERLAND,1820,GREENWICH TWP,Administrators,100.0,86.2,2017-18
11,CUMBERLAND,1820,GREENWICH TWP,Teachers,100.0,90.2,2017-18
11,CUMBERLAND,2270,HOPEWELL TWP,Administrators,75.0,86.2,2017-18
11,CUMBERLAND,2270,HOPEWELL TWP,Teachers,90.2,90.2,2017-18
11,CUMBERLAND,2570,LAWRENCE TWP,Administrators,100.0,86.2,2017-18
11,CUMBERLAND,2570,LAWRENCE TWP,Teachers,87.5,90.2,2017-18
11,CUMBERLAND,3050,MAURICE RIVER TWP,Administrators,100.0,86.2,2017-18
11,CUMBERLAND,3050,MAURICE RIVER TWP,Teachers,88.6,90.2,2017-18
11,CUMBERLAND,3230,MILLVILLE CITY,Administrators,90.9,86.2,2017-18
11,CUMBERLAND,3230,MILLVILLE CITY,Teachers,90.5,90.2,2017-18
11,CUMBERLAND,5070,STOW CREEK TWP,Administrators,100.0,86.2,2017-18
11,CUMBERLAND,5070,STOW CREEK TWP,Teachers,100.0,90.2,2017-18
11,CUMBERLAND,5300,UPPER DEERFIELD TWP,Administrators,66.7,86.2,2017-18
11,CUMBERLAND,5300,UPPER DEERFIELD TWP,Teachers,93.8,90.2,2017-18
11,CUMBERLAND,5390,VINELAND CITY,Administrators,95.7,86.2,2017-18
11,CUMBERLAND,5390,VINELAND CITY,Teachers,94.6,90.2,2017-18
13,ESSEX,0250,BELLEVILLE TOWN,Administrators,81.5,86.2,2017-18
13,ESSEX,0250,BELLEVILLE TOWN,Teachers,90.4,90.2,2017-18
13,ESSEX,0410,BLOOMFIELD TWP,Administrators,86.7,86.2,2017-18
13,ESSEX,0410,BLOOMFIELD TWP,Teachers,93.6,90.2,2017-18
13,ESSEX,0660,CALDWELL-WEST CALDWELL,Administrators,100.0,86.2,2017-18
13,ESSEX,0660,CALDWELL-WEST CALDWELL,Teachers,90.2,90.2,2017-18
13,ESSEX,0760,CEDAR GROVE TWP,Administrators,100.0,86.2,2017-18
13,ESSEX,0760,CEDAR GROVE TWP,Teachers,93.0,90.2,2017-18
13,ESSEX,1210,EAST ORANGE,Administrators,92.4,86.2,2017-18
13,ESSEX,1210,EAST ORANGE,Teachers,91.0,90.2,2017-18
13,ESSEX,1387,ESSEX CO ED SERV COMM,Administrators,100.0,86.2,2017-18
13,ESSEX,1387,ESSEX CO ED SERV COMM,Teachers,81.6,90.2,2017-18
13,ESSEX,1390,ESSEX CO VOC-TECH,Administrators,85.7,86.2,2017-18
13,ESSEX,1390,ESSEX CO VOC-TECH,Teachers,87.2,90.2,2017-18
13,ESSEX,1400,ESSEX FELLS BORO,Administrators,100.0,86.2,2017-18
13,ESSEX,1400,ESSEX FELLS BORO,Teachers,93.1,90.2,2017-18
13,ESSEX,1465,FAIRFIELD TWP,Administrators,100.0,86.2,2017-18
13,ESSEX,1465,FAIRFIELD TWP,Teachers,89.2,90.2,2017-18
13,ESSEX,1750,GLEN RIDGE BORO,Administrators,100.0,86.2,2017-18
13,ESSEX,1750,GLEN RIDGE BORO,Teachers,90.4,90.2,2017-18
13,ESSEX,2330,IRVINGTON TOWNSHIP,Administrators,83.8,86.2,2017-18
13,ESSEX,2330,IRVINGTON TOWNSHIP,Teachers,87.3,90.2,2017-18
13,ESSEX,2730,LIVINGSTON TWP,Administrators,83.3,86.2,2017-18
13,ESSEX,2730,LIVINGSTON TWP,Teachers,89.5,90.2,2017-18
13,ESSEX,3190,MILLBURN TWP,Administrators,76.5,86.2,2017-18
13,ESSEX,3190,MILLBURN TWP,Teachers,92.4,90.2,2017-18
13,ESSEX,3310,MONTCLAIR TOWN,Administrators,81.3,86.2,2017-18
13,ESSEX,3310,MONTCLAIR TOWN,Teachers,91.3,90.2,2017-18
13,ESSEX,3570,NEWARK CITY,Administrators,79.8,86.2,2017-18
13,ESSEX,3570,NEWARK CITY,Teachers,81.9,90.2,2017-18
13,ESSEX,3630,NORTH CALDWELL BORO,Administrators,100.0,86.2,2017-18
13,ESSEX,3630,NORTH CALDWELL BORO,Teachers,94.0,90.2,2017-18
13,ESSEX,3750,NUTLEY TOWN,Administrators,100.0,86.2,2017-18
13,ESSEX,3750,NUTLEY TOWN,Teachers,89.4,90.2,2017-18
13,ESSEX,3880,CITY OF ORANGE TWP,Administrators,85.2,86.2,2017-18
13,ESSEX,3880,CITY OF ORANGE TWP,Teachers,84.7,90.2,2017-18
13,ESSEX,4530,ROSELAND BORO,Administrators,50.0,86.2,2017-18
13,ESSEX,4530,ROSELAND BORO,Teachers,87.5,90.2,2017-18
13,ESSEX,4900,SOUTH ORANGE-MAPLEWOOD,Administrators,89.7,86.2,2017-18
13,ESSEX,4900,SOUTH ORANGE-MAPLEWOOD,Teachers,90.7,90.2,2017-18
13,ESSEX,5370,VERONA BORO,Administrators,100.0,86.2,2017-18
13,ESSEX,5370,VERONA BORO,Teachers,92.0,90.2,2017-18
13,ESSEX,5630,WEST ESSEX REGIONAL,Administrators,81.3,86.2,2017-18
13,ESSEX,5630,WEST ESSEX REGIONAL,Teachers,92.9,90.2,2017-18
13,ESSEX,5680,WEST ORANGE TOWN,Administrators,93.3,86.2,2017-18
13,ESSEX,5680,WEST ORANGE TOWN,Teachers,93.9,90.2,2017-18
15,GLOUCESTER,0860,CLAYTON BORO,Administrators,100.0,86.2,2017-18
15,GLOUCESTER,0860,CLAYTON BORO,Teachers,91.3,90.2,2017-18
15,GLOUCESTER,0870,CLEARVIEW REGIONAL,Administrators,76.5,86.2,2017-18
15,GLOUCESTER,0870,CLEARVIEW REGIONAL,Teachers,94.3,90.2,2017-18
15,GLOUCESTER,1100,DEPTFORD TWP,Administrators,84.0,86.2,2017-18
15,GLOUCESTER,1100,DEPTFORD TWP,Teachers,92.0,90.2,2017-18
15,GLOUCESTER,1180,EAST GREENWICH TWP,Administrators,85.7,86.2,2017-18
15,GLOUCESTER,1180,EAST GREENWICH TWP,Teachers,94.3,90.2,2017-18
15,GLOUCESTER,1330,ELK TWP,Administrators,100.0,86.2,2017-18
15,GLOUCESTER,1330,ELK TWP,Teachers,97.0,90.2,2017-18
15,GLOUCESTER,1590,FRANKLIN TWP,Administrators,100.0,86.2,2017-18
15,GLOUCESTER,1590,FRANKLIN TWP,Teachers,93.4,90.2,2017-18
15,GLOUCESTER,1715,GATEWAY REGIONAL,Administrators,85.7,86.2,2017-18
15,GLOUCESTER,1715,GATEWAY REGIONAL,Teachers,92.9,90.2,2017-18
15,GLOUCESTER,1730,GLASSBORO,Administrators,81.8,86.2,2017-18
15,GLOUCESTER,1730,GLASSBORO,Teachers,85.1,90.2,2017-18
15,GLOUCESTER,1774,GLOUCESTER CO SPEC SERV,Administrators,82.6,86.2,2017-18
15,GLOUCESTER,1774,GLOUCESTER CO SPEC SERV,Teachers,91.0,90.2,2017-18
15,GLOUCESTER,1775,GLOUCESTER CO VOCATIONAL,Administrators,85.7,86.2,2017-18
15,GLOUCESTER,1775,GLOUCESTER CO VOCATIONAL,Teachers,97.9,90.2,2017-18
15,GLOUCESTER,1830,GREENWICH TWP,Administrators,75.0,86.2,2017-18
15,GLOUCESTER,1830,GREENWICH TWP,Teachers,93.6,90.2,2017-18
15,GLOUCESTER,2070,HARRISON TWP,Administrators,80.0,86.2,2017-18
15,GLOUCESTER,2070,HARRISON TWP,Teachers,98.2,90.2,2017-18
15,GLOUCESTER,2440,KINGSWAY REGIONAL,Administrators,88.9,86.2,2017-18
15,GLOUCESTER,2440,KINGSWAY REGIONAL,Teachers,84.2,90.2,2017-18
15,GLOUCESTER,2750,LOGAN TWP,Administrators,100.0,86.2,2017-18
15,GLOUCESTER,2750,LOGAN TWP,Teachers,89.8,90.2,2017-18
15,GLOUCESTER,2990,MANTUA TWP,Administrators,85.7,86.2,2017-18
15,GLOUCESTER,2990,MANTUA TWP,Teachers,87.6,90.2,2017-18
15,GLOUCESTER,3280,MONROE TWP,Administrators,89.3,86.2,2017-18
15,GLOUCESTER,3280,MONROE TWP,Teachers,93.9,90.2,2017-18
15,GLOUCESTER,3490,NATIONAL PARK BORO,Administrators,100.0,86.2,2017-18
15,GLOUCESTER,3490,NATIONAL PARK BORO,Teachers,88.9,90.2,2017-18
15,GLOUCESTER,4020,PAULSBORO BORO,Administrators,80.0,86.2,2017-18
15,GLOUCESTER,4020,PAULSBORO BORO,Teachers,90.0,90.2,2017-18
15,GLOUCESTER,4140,PITMAN BORO,Administrators,91.7,86.2,2017-18
15,GLOUCESTER,4140,PITMAN BORO,Teachers,88.4,90.2,2017-18
15,GLOUCESTER,4880,SOUTH HARRISON TWP,Administrators,100.0,86.2,2017-18
15,GLOUCESTER,4880,SOUTH HARRISON TWP,Teachers,80.0,90.2,2017-18
15,GLOUCESTER,4940,DELSEA REGIONAL H.S DIST.,Administrators,100.0,86.2,2017-18
15,GLOUCESTER,4940,DELSEA REGIONAL H.S DIST.,Teachers,91.4,90.2,2017-18
15,GLOUCESTER,5120,SWEDESBORO-WOOLWICH,Administrators,80.0,86.2,2017-18
15,GLOUCESTER,5120,SWEDESBORO-WOOLWICH,Teachers,90.3,90.2,2017-18
15,GLOUCESTER,5500,WASHINGTON TWP,Administrators,97.8,86.2,2017-18
15,GLOUCESTER,5500,WASHINGTON TWP,Teachers,92.9,90.2,2017-18
15,GLOUCESTER,5590,WENONAH BORO,Administrators,50.0,86.2,2017-18
15,GLOUCESTER,5590,WENONAH BORO,Teachers,83.3,90.2,2017-18
15,GLOUCESTER,5620,WEST DEPTFORD TWP,Administrators,100.0,86.2,2017-18
15,GLOUCESTER,5620,WEST DEPTFORD TWP,Teachers,93.0,90.2,2017-18
15,GLOUCESTER,5740,WESTVILLE BORO,Administrators,83.3,86.2,2017-18
15,GLOUCESTER,5740,WESTVILLE BORO,Teachers,88.2,90.2,2017-18
15,GLOUCESTER,5860,WOODBURY CITY,Administrators,100.0,86.2,2017-18
15,GLOUCESTER,5860,WOODBURY CITY,Teachers,87.8,90.2,2017-18
15,GLOUCESTER,5870,WOODBURY HEIGHTS BORO,Administrators,100.0,86.2,2017-18
15,GLOUCESTER,5870,WOODBURY HEIGHTS BORO,Teachers,84.6,90.2,2017-18
17,HUDSON,0220,BAYONNE CITY,Administrators,78.0,86.2,2017-18
17,HUDSON,0220,BAYONNE CITY,Teachers,88.9,90.2,2017-18
17,HUDSON,1200,EAST NEWARK BORO,Administrators,0.0,86.2,2017-18
17,HUDSON,1200,EAST NEWARK BORO,Teachers,0.0,90.2,2017-18
17,HUDSON,1850,GUTTENBERG TOWN,Administrators,0.0,86.2,2017-18
17,HUDSON,1850,GUTTENBERG TOWN,Teachers,0.0,90.2,2017-18
17,HUDSON,2060,HARRISON TOWN,Administrators,85.0,86.2,2017-18
17,HUDSON,2060,HARRISON TOWN,Teachers,92.5,90.2,2017-18
17,HUDSON,2210,HOBOKEN CITY,Administrators,88.2,86.2,2017-18
17,HUDSON,2210,HOBOKEN CITY,Teachers,85.1,90.2,2017-18
17,HUDSON,2295,HUDSON COUNTY VOCATIONAL,Administrators,100.0,86.2,2017-18
17,HUDSON,2295,HUDSON COUNTY VOCATIONAL,Teachers,95.5,90.2,2017-18
17,HUDSON,2390,JERSEY CITY,Administrators,84.9,86.2,2017-18
17,HUDSON,2390,JERSEY CITY,Teachers,92.6,90.2,2017-18
17,HUDSON,2410,KEARNY TOWN,Administrators,89.7,86.2,2017-18
17,HUDSON,2410,KEARNY TOWN,Teachers,96.1,90.2,2017-18
17,HUDSON,3610,NORTH BERGEN TWP,Administrators,93.2,86.2,2017-18
17,HUDSON,3610,NORTH BERGEN TWP,Teachers,95.6,90.2,2017-18
17,HUDSON,4730,SECAUCUS TOWN,Administrators,80.0,86.2,2017-18
17,HUDSON,4730,SECAUCUS TOWN,Teachers,92.2,90.2,2017-18
17,HUDSON,5240,UNION CITY,Administrators,100.0,86.2,2017-18
17,HUDSON,5240,UNION CITY,Teachers,96.1,90.2,2017-18
17,HUDSON,5580,WEEHAWKEN TWP,Administrators,81.8,86.2,2017-18
17,HUDSON,5580,WEEHAWKEN TWP,Teachers,82.6,90.2,2017-18
17,HUDSON,5670,WEST NEW YORK TOWN,Administrators,93.0,86.2,2017-18
17,HUDSON,5670,WEST NEW YORK TOWN,Teachers,93.5,90.2,2017-18
19,HUNTERDON,0020,ALEXANDRIA TWP,Administrators,83.3,86.2,2017-18
19,HUNTERDON,0020,ALEXANDRIA TWP,Teachers,86.3,90.2,2017-18
19,HUNTERDON,0370,BETHLEHEM TWP,Administrators,80.0,86.2,2017-18
19,HUNTERDON,0370,BETHLEHEM TWP,Teachers,79.2,90.2,2017-18
19,HUNTERDON,0430,BLOOMSBURY BORO,Administrators,100.0,86.2,2017-18
19,HUNTERDON,0430,BLOOMSBURY BORO,Teachers,66.7,90.2,2017-18
19,HUNTERDON,0670,CALIFON BORO,Administrators,100.0,86.2,2017-18
19,HUNTERDON,0670,CALIFON BORO,Teachers,90.0,90.2,2017-18
19,HUNTERDON,0910,CLINTON TOWN,Administrators,100.0,86.2,2017-18
19,HUNTERDON,0910,CLINTON TOWN,Teachers,85.1,90.2,2017-18
19,HUNTERDON,0920,CLINTON TWP,Administrators,66.7,86.2,2017-18
19,HUNTERDON,0920,CLINTON TWP,Teachers,95.2,90.2,2017-18
19,HUNTERDON,1040,DELAWARE TWP,Administrators,75.0,86.2,2017-18
19,HUNTERDON,1040,DELAWARE TWP,Teachers,89.4,90.2,2017-18
19,HUNTERDON,1050,DELAWARE VALLEY REGIONAL,Administrators,90.9,86.2,2017-18
19,HUNTERDON,1050,DELAWARE VALLEY REGIONAL,Teachers,91.7,90.2,2017-18
19,HUNTERDON,1160,EAST AMWELL TWP,Administrators,100.0,86.2,2017-18
19,HUNTERDON,1160,EAST AMWELL TWP,Teachers,85.4,90.2,2017-18
19,HUNTERDON,1376,SOUTH HUNTERDON REGIONAL SCHOOL DISTRICT,Administrators,100.0,86.2,2017-18
19,HUNTERDON,1376,SOUTH HUNTERDON REGIONAL SCHOOL DISTRICT,Teachers,90.5,90.2,2017-18
19,HUNTERDON,1510,FLEMINGTON-RARITAN REG,Administrators,66.7,86.2,2017-18
19,HUNTERDON,1510,FLEMINGTON-RARITAN REG,Teachers,94.1,90.2,2017-18
19,HUNTERDON,1600,FRANKLIN TWP,Administrators,100.0,86.2,2017-18
19,HUNTERDON,1600,FRANKLIN TWP,Teachers,83.3,90.2,2017-18
19,HUNTERDON,1680,FRENCHTOWN BORO,Administrators,100.0,86.2,2017-18
19,HUNTERDON,1680,FRENCHTOWN BORO,Teachers,57.9,90.2,2017-18
19,HUNTERDON,1970,HAMPTON BORO,Administrators,66.7,86.2,2017-18
19,HUNTERDON,1970,HAMPTON BORO,Teachers,78.9,90.2,2017-18
19,HUNTERDON,2140,HIGH BRIDGE BORO,Administrators,100.0,86.2,2017-18
19,HUNTERDON,2140,HIGH BRIDGE BORO,Teachers,82.6,90.2,2017-18
19,HUNTERDON,2220,HOLLAND TWP,Administrators,50.0,86.2,2017-18
19,HUNTERDON,2220,HOLLAND TWP,Teachers,87.3,90.2,2017-18
19,HUNTERDON,2300,HUNTERDON CENTRAL REG,Administrators,94.7,86.2,2017-18
19,HUNTERDON,2300,HUNTERDON CENTRAL REG,Teachers,92.6,90.2,2017-18
19,HUNTERDON,2305,HUNTERDON CO ED SER COMM,Administrators,100.0,86.2,2017-18
19,HUNTERDON,2305,HUNTERDON CO ED SER COMM,Teachers,50.0,90.2,2017-18
19,HUNTERDON,2308,HUNTERDON CO VOCATIONAL,Administrators,50.0,86.2,2017-18
19,HUNTERDON,2308,HUNTERDON CO VOCATIONAL,Teachers,94.1,90.2,2017-18
19,HUNTERDON,2450,KINGWOOD TWP,Administrators,100.0,86.2,2017-18
19,HUNTERDON,2450,KINGWOOD TWP,Teachers,94.3,90.2,2017-18
19,HUNTERDON,2590,LEBANON BORO,Administrators,50.0,86.2,2017-18
19,HUNTERDON,2590,LEBANON BORO,Teachers,86.7,90.2,2017-18
19,HUNTERDON,2600,LEBANON TWP,Administrators,100.0,86.2,2017-18
19,HUNTERDON,2600,LEBANON TWP,Teachers,92.3,90.2,2017-18
19,HUNTERDON,3180,MILFORD BORO,Administrators,100.0,86.2,2017-18
19,HUNTERDON,3180,MILFORD BORO,Teachers,100.0,90.2,2017-18
19,HUNTERDON,3660,N HUNT/VOORHEES REGIONAL,Administrators,73.9,86.2,2017-18
19,HUNTERDON,3660,N HUNT/VOORHEES REGIONAL,Teachers,91.0,90.2,2017-18
19,HUNTERDON,4350,READINGTON TWP,Administrators,83.3,86.2,2017-18
19,HUNTERDON,4350,READINGTON TWP,Teachers,87.7,90.2,2017-18
19,HUNTERDON,5180,TEWKSBURY TWP,Administrators,66.7,86.2,2017-18
19,HUNTERDON,5180,TEWKSBURY TWP,Teachers,92.4,90.2,2017-18
19,HUNTERDON,5270,UNION TWP,Administrators,50.0,86.2,2017-18
19,HUNTERDON,5270,UNION TWP,Teachers,90.9,90.2,2017-18
21,MERCER,1245,EAST WINDSOR REGIONAL,Administrators,86.7,86.2,2017-18
21,MERCER,1245,EAST WINDSOR REGIONAL,Teachers,90.4,90.2,2017-18
21,MERCER,1430,EWING TWP,Administrators,90.5,86.2,2017-18
21,MERCER,1430,EWING TWP,Teachers,88.7,90.2,2017-18
21,MERCER,1950,HAMILTON TWP,Administrators,82.8,86.2,2017-18
21,MERCER,1950,HAMILTON TWP,Teachers,92.3,90.2,2017-18
21,MERCER,2280,HOPEWELL VALLEY REGIONAL,Administrators,87.5,86.2,2017-18
21,MERCER,2280,HOPEWELL VALLEY REGIONAL,Teachers,92.8,90.2,2017-18
21,MERCER,2580,LAWRENCE TWP,Administrators,88.0,86.2,2017-18
21,MERCER,2580,LAWRENCE TWP,Teachers,89.0,90.2,2017-18
21,MERCER,3103,MERCER CO SPECIAL SERVICE,Administrators,70.0,86.2,2017-18
21,MERCER,3103,MERCER CO SPECIAL SERVICE,Teachers,91.0,90.2,2017-18
21,MERCER,3105,MERCER COUNTY VOCATIONAL,Administrators,83.3,86.2,2017-18
21,MERCER,3105,MERCER COUNTY VOCATIONAL,Teachers,76.7,90.2,2017-18
21,MERCER,4255,PRINCETON REGIONAL,Administrators,88.9,86.2,2017-18
21,MERCER,4255,PRINCETON REGIONAL,Teachers,92.0,90.2,2017-18
21,MERCER,5210,TRENTON CITY,Administrators,87.0,86.2,2017-18
21,MERCER,5210,TRENTON CITY,Teachers,91.0,90.2,2017-18
21,MERCER,5510,ROBBINSVILLE TWP,Administrators,81.3,86.2,2017-18
21,MERCER,5510,ROBBINSVILLE TWP,Teachers,89.3,90.2,2017-18
21,MERCER,5715,W WINDSOR-PLAINSBORO REG,Administrators,89.6,86.2,2017-18
21,MERCER,5715,W WINDSOR-PLAINSBORO REG,Teachers,92.2,90.2,2017-18
23,MIDDLESEX,0750,CARTERET BORO,Administrators,81.0,86.2,2017-18
23,MIDDLESEX,0750,CARTERET BORO,Teachers,90.8,90.2,2017-18
23,MIDDLESEX,0970,CRANBURY TWP,Administrators,50.0,86.2,2017-18
23,MIDDLESEX,0970,CRANBURY TWP,Teachers,89.1,90.2,2017-18
23,MIDDLESEX,1140,DUNELLEN BORO,Administrators,100.0,86.2,2017-18
23,MIDDLESEX,1140,DUNELLEN BORO,Teachers,87.0,90.2,2017-18
23,MIDDLESEX,1170,EAST BRUNSWICK TWP,Administrators,91.5,86.2,2017-18
23,MIDDLESEX,1170,EAST BRUNSWICK TWP,Teachers,88.7,90.2,2017-18
23,MIDDLESEX,1290,EDISON TWP,Administrators,79.0,86.2,2017-18
23,MIDDLESEX,1290,EDISON TWP,Teachers,89.4,90.2,2017-18
23,MIDDLESEX,2150,HIGHLAND PARK BORO,Administrators,100.0,86.2,2017-18
23,MIDDLESEX,2150,HIGHLAND PARK BORO,Teachers,92.7,90.2,2017-18
23,MIDDLESEX,2370,JAMESBURG BORO,Administrators,83.3,86.2,2017-18
23,MIDDLESEX,2370,JAMESBURG BORO,Teachers,90.2,90.2,2017-18
23,MIDDLESEX,3120,METUCHEN BORO,Administrators,81.3,86.2,2017-18
23,MIDDLESEX,3120,METUCHEN BORO,Teachers,94.3,90.2,2017-18
23,MIDDLESEX,3140,MIDDLESEX BORO,Administrators,84.6,86.2,2017-18
23,MIDDLESEX,3140,MIDDLESEX BORO,Teachers,92.7,90.2,2017-18
23,MIDDLESEX,3145,MIDDLESEX CO REG SER COMM,Administrators,84.0,86.2,2017-18
23,MIDDLESEX,3145,MIDDLESEX CO REG SER COMM,Teachers,87.8,90.2,2017-18
23,MIDDLESEX,3150,MIDDLESEX CO VOCATIONAL,Administrators,84.0,86.2,2017-18
23,MIDDLESEX,3150,MIDDLESEX CO VOCATIONAL,Teachers,88.6,90.2,2017-18
23,MIDDLESEX,3220,MILLTOWN BORO,Administrators,100.0,86.2,2017-18
23,MIDDLESEX,3220,MILLTOWN BORO,Teachers,92.3,90.2,2017-18
23,MIDDLESEX,3290,MONROE TWP,Administrators,96.2,86.2,2017-18
23,MIDDLESEX,3290,MONROE TWP,Teachers,89.7,90.2,2017-18
23,MIDDLESEX,3530,NEW BRUNSWICK CITY,Administrators,85.7,86.2,2017-18
23,MIDDLESEX,3530,NEW BRUNSWICK CITY,Teachers,91.5,90.2,2017-18
23,MIDDLESEX,3620,NORTH BRUNSWICK TWP,Administrators,83.3,86.2,2017-18
23,MIDDLESEX,3620,NORTH BRUNSWICK TWP,Teachers,91.6,90.2,2017-18
23,MIDDLESEX,3845,OLD BRIDGE TWP,Administrators,92.5,86.2,2017-18
23,MIDDLESEX,3845,OLD BRIDGE TWP,Teachers,93.9,90.2,2017-18
23,MIDDLESEX,4090,PERTH AMBOY CITY,Administrators,83.3,86.2,2017-18
23,MIDDLESEX,4090,PERTH AMBOY CITY,Teachers,89.3,90.2,2017-18
23,MIDDLESEX,4130,PISCATAWAY TWP,Administrators,86.4,86.2,2017-18
23,MIDDLESEX,4130,PISCATAWAY TWP,Teachers,88.7,90.2,2017-18
23,MIDDLESEX,4660,SAYREVILLE BORO,Administrators,92.6,86.2,2017-18
23,MIDDLESEX,4660,SAYREVILLE BORO,Teachers,89.5,90.2,2017-18
23,MIDDLESEX,4830,SOUTH AMBOY CITY,Administrators,57.1,86.2,2017-18
23,MIDDLESEX,4830,SOUTH AMBOY CITY,Teachers,89.3,90.2,2017-18
23,MIDDLESEX,4860,SOUTH BRUNSWICK TWP,Administrators,92.2,86.2,2017-18
23,MIDDLESEX,4860,SOUTH BRUNSWICK TWP,Teachers,90.8,90.2,2017-18
23,MIDDLESEX,4910,SOUTH PLAINFIELD BORO,Administrators,86.4,86.2,2017-18
23,MIDDLESEX,4910,SOUTH PLAINFIELD BORO,Teachers,87.9,90.2,2017-18
23,MIDDLESEX,4920,SOUTH RIVER BORO,Administrators,80.0,86.2,2017-18
23,MIDDLESEX,4920,SOUTH RIVER BORO,Teachers,85.1,90.2,2017-18
23,MIDDLESEX,4970,SPOTSWOOD BORO,Administrators,77.8,86.2,2017-18
23,MIDDLESEX,4970,SPOTSWOOD BORO,Teachers,89.2,90.2,2017-18
23,MIDDLESEX,5850,WOODBRIDGE TWP,Administrators,95.2,86.2,2017-18
23,MIDDLESEX,5850,WOODBRIDGE TWP,Teachers,95.5,90.2,2017-18
25,MONMOUTH,0100,ASBURY PARK CITY,Administrators,81.3,86.2,2017-18
25,MONMOUTH,0100,ASBURY PARK CITY,Teachers,91.8,90.2,2017-18
25,MONMOUTH,0130,ATLANTIC HIGHLANDS BORO,Administrators,80.0,86.2,2017-18
25,MONMOUTH,0130,ATLANTIC HIGHLANDS BORO,Teachers,90.3,90.2,2017-18
25,MONMOUTH,0180,AVON BORO,Administrators,75.0,86.2,2017-18
25,MONMOUTH,0180,AVON BORO,Teachers,68.4,90.2,2017-18
25,MONMOUTH,0225,BAYSHORE JOINTURE COMM,Administrators,100.0,86.2,2017-18
25,MONMOUTH,0225,BAYSHORE JOINTURE COMM,Teachers,53.3,90.2,2017-18
25,MONMOUTH,0270,BELMAR BORO,Administrators,75.0,86.2,2017-18
25,MONMOUTH,0270,BELMAR BORO,Teachers,88.7,90.2,2017-18
25,MONMOUTH,0500,BRADLEY BEACH BORO,Administrators,100.0,86.2,2017-18
25,MONMOUTH,0500,BRADLEY BEACH BORO,Teachers,94.3,90.2,2017-18
25,MONMOUTH,0560,BRIELLE BORO,Administrators,100.0,86.2,2017-18
25,MONMOUTH,0560,BRIELLE BORO,Teachers,95.8,90.2,2017-18
25,MONMOUTH,0945,COLTS NECK TWP,Administrators,100.0,86.2,2017-18
25,MONMOUTH,0945,COLTS NECK TWP,Teachers,94.8,90.2,2017-18
25,MONMOUTH,1000,DEAL BORO,Administrators,66.7,86.2,2017-18
25,MONMOUTH,1000,DEAL BORO,Teachers,94.4,90.2,2017-18
25,MONMOUTH,1260,EATONTOWN BORO,Administrators,0.0,86.2,2017-18
25,MONMOUTH,1260,EATONTOWN BORO,Teachers,1.0,90.2,2017-18
25,MONMOUTH,1440,FAIR HAVEN BORO,Administrators,100.0,86.2,2017-18
25,MONMOUTH,1440,FAIR HAVEN BORO,Teachers,89.5,90.2,2017-18
25,MONMOUTH,1490,FARMINGDALE BORO,Administrators,100.0,86.2,2017-18
25,MONMOUTH,1490,FARMINGDALE BORO,Teachers,88.9,90.2,2017-18
25,MONMOUTH,1640,FREEHOLD BORO,Administrators,100.0,86.2,2017-18
25,MONMOUTH,1640,FREEHOLD BORO,Teachers,87.7,90.2,2017-18
25,MONMOUTH,1650,FREEHOLD REGIONAL,Administrators,91.8,86.2,2017-18
25,MONMOUTH,1650,FREEHOLD REGIONAL,Teachers,93.5,90.2,2017-18
25,MONMOUTH,1660,FREEHOLD TWP,Administrators,91.7,86.2,2017-18
25,MONMOUTH,1660,FREEHOLD TWP,Teachers,91.7,90.2,2017-18
25,MONMOUTH,2105,HAZLET TWP,Administrators,95.7,86.2,2017-18
25,MONMOUTH,2105,HAZLET TWP,Teachers,95.0,90.2,2017-18
25,MONMOUTH,2120,HENRY HUDSON REGIONAL,Administrators,75.0,86.2,2017-18
25,MONMOUTH,2120,HENRY HUDSON REGIONAL,Teachers,97.4,90.2,2017-18
25,MONMOUTH,2160,HIGHLANDS BORO,Administrators,80.0,86.2,2017-18
25,MONMOUTH,2160,HIGHLANDS BORO,Teachers,100.0,90.2,2017-18
25,MONMOUTH,2230,HOLMDEL TWP,Administrators,89.5,86.2,2017-18
25,MONMOUTH,2230,HOLMDEL TWP,Teachers,93.9,90.2,2017-18
25,MONMOUTH,2290,HOWELL TWP,Administrators,94.6,86.2,2017-18
25,MONMOUTH,2290,HOWELL TWP,Teachers,92.0,90.2,2017-18
25,MONMOUTH,2400,KEANSBURG BORO,Administrators,81.3,86.2,2017-18
25,MONMOUTH,2400,KEANSBURG BORO,Teachers,90.8,90.2,2017-18
25,MONMOUTH,2430,KEYPORT BORO,Administrators,90.9,86.2,2017-18
25,MONMOUTH,2430,KEYPORT BORO,Teachers,90.5,90.2,2017-18
25,MONMOUTH,2720,LITTLE SILVER BORO,Administrators,85.7,86.2,2017-18
25,MONMOUTH,2720,LITTLE SILVER BORO,Teachers,89.2,90.2,2017-18
25,MONMOUTH,2770,LONG BRANCH CITY,Administrators,90.2,86.2,2017-18
25,MONMOUTH,2770,LONG BRANCH CITY,Teachers,93.0,90.2,2017-18
25,MONMOUTH,2920,MANALAPAN-ENGLISHTOWN REG,Administrators,96.4,86.2,2017-18
25,MONMOUTH,2920,MANALAPAN-ENGLISHTOWN REG,Teachers,94.2,90.2,2017-18
25,MONMOUTH,2930,MANASQUAN BORO,Administrators,92.9,86.2,2017-18
25,MONMOUTH,2930,MANASQUAN BORO,Teachers,83.5,90.2,2017-18
25,MONMOUTH,3030,MARLBORO TWP,Administrators,89.3,86.2,2017-18
25,MONMOUTH,3030,MARLBORO TWP,Teachers,91.1,90.2,2017-18
25,MONMOUTH,3040,MATAWAN-ABERDEEN REGIONAL,Administrators,95.0,86.2,2017-18
25,MONMOUTH,3040,MATAWAN-ABERDEEN REGIONAL,Teachers,93.5,90.2,2017-18
25,MONMOUTH,3160,MIDDLETOWN TWP,Administrators,84.8,86.2,2017-18
25,MONMOUTH,3160,MIDDLETOWN TWP,Teachers,93.1,90.2,2017-18
25,MONMOUTH,3200,MILLSTONE TWP,Administrators,72.7,86.2,2017-18
25,MONMOUTH,3200,MILLSTONE TWP,Teachers,89.0,90.2,2017-18
25,MONMOUTH,3250,MONMOUTH BEACH BORO,Administrators,100.0,86.2,2017-18
25,MONMOUTH,3250,MONMOUTH BEACH BORO,Teachers,92.9,90.2,2017-18
25,MONMOUTH,3255,MONMOUTH-OCEAN ED SER COM,Administrators,75.0,86.2,2017-18
25,MONMOUTH,3255,MONMOUTH-OCEAN ED SER COM,Teachers,86.8,90.2,2017-18
25,MONMOUTH,3260,MONMOUTH CO VOCATIONAL,Administrators,100.0,86.2,2017-18
25,MONMOUTH,3260,MONMOUTH CO VOCATIONAL,Teachers,92.3,90.2,2017-18
25,MONMOUTH,3270,MONMOUTH REGIONAL,Administrators,90.9,86.2,2017-18
25,MONMOUTH,3270,MONMOUTH REGIONAL,Teachers,87.8,90.2,2017-18
25,MONMOUTH,3500,NEPTUNE CITY,Administrators,100.0,86.2,2017-18
25,MONMOUTH,3500,NEPTUNE CITY,Teachers,82.9,90.2,2017-18
25,MONMOUTH,3510,NEPTUNE TWP,Administrators,96.7,86.2,2017-18
25,MONMOUTH,3510,NEPTUNE TWP,Teachers,91.9,90.2,2017-18
25,MONMOUTH,3810,OCEAN TWP,Administrators,76.0,86.2,2017-18
25,MONMOUTH,3810,OCEAN TWP,Teachers,92.8,90.2,2017-18
25,MONMOUTH,3830,OCEANPORT BORO,Administrators,100.0,86.2,2017-18
25,MONMOUTH,3830,OCEANPORT BORO,Teachers,94.9,90.2,2017-18
25,MONMOUTH,4360,RED BANK BORO,Administrators,100.0,86.2,2017-18
25,MONMOUTH,4360,RED BANK BORO,Teachers,85.6,90.2,2017-18
25,MONMOUTH,4365,RED BANK REGIONAL,Administrators,83.3,86.2,2017-18
25,MONMOUTH,4365,RED BANK REGIONAL,Teachers,85.7,90.2,2017-18
25,MONMOUTH,4520,ROOSEVELT BORO,Administrators,100.0,86.2,2017-18
25,MONMOUTH,4520,ROOSEVELT BORO,Teachers,91.7,90.2,2017-18
25,MONMOUTH,4570,RUMSON BORO,Administrators,100.0,86.2,2017-18
25,MONMOUTH,4570,RUMSON BORO,Teachers,90.9,90.2,2017-18
25,MONMOUTH,4580,RUMSON-FAIR HAVEN REG,Administrators,90.9,86.2,2017-18
25,MONMOUTH,4580,RUMSON-FAIR HAVEN REG,Teachers,94.1,90.2,2017-18
25,MONMOUTH,4690,SEA GIRT BORO,Administrators,33.3,86.2,2017-18
25,MONMOUTH,4690,SEA GIRT BORO,Teachers,85.0,90.2,2017-18
25,MONMOUTH,4760,SHORE REGIONAL,Administrators,100.0,86.2,2017-18
25,MONMOUTH,4760,SHORE REGIONAL,Teachers,96.4,90.2,2017-18
25,MONMOUTH,4770,SHREWSBURY BORO,Administrators,75.0,86.2,2017-18
25,MONMOUTH,4770,SHREWSBURY BORO,Teachers,86.7,90.2,2017-18
25,MONMOUTH,4980,SPRING LAKE BORO,Administrators,33.3,86.2,2017-18
25,MONMOUTH,4980,SPRING LAKE BORO,Teachers,92.3,90.2,2017-18
25,MONMOUTH,4990,SPRING LAKE HEIGHTS BORO,Administrators,66.7,86.2,2017-18
25,MONMOUTH,4990,SPRING LAKE HEIGHTS BORO,Teachers,91.7,90.2,2017-18
25,MONMOUTH,5185,TINTON FALLS,Administrators,88.9,86.2,2017-18
25,MONMOUTH,5185,TINTON FALLS,Teachers,92.7,90.2,2017-18
25,MONMOUTH,5230,UNION BEACH,Administrators,100.0,86.2,2017-18
25,MONMOUTH,5230,UNION BEACH,Teachers,95.2,90.2,2017-18
25,MONMOUTH,5310,UPPER FREEHOLD REGIONAL,Administrators,93.8,86.2,2017-18
25,MONMOUTH,5310,UPPER FREEHOLD REGIONAL,Teachers,96.0,90.2,2017-18
25,MONMOUTH,5420,WALL TWP,Administrators,95.5,86.2,2017-18
25,MONMOUTH,5420,WALL TWP,Teachers,92.1,90.2,2017-18
25,MONMOUTH,5640,WEST LONG BRANCH BORO,Administrators,100.0,86.2,2017-18
25,MONMOUTH,5640,WEST LONG BRANCH BORO,Teachers,87.3,90.2,2017-18
27,MORRIS,0450,BOONTON TOWN,Administrators,75.0,86.2,2017-18
27,MORRIS,0450,BOONTON TOWN,Teachers,90.2,90.2,2017-18
27,MORRIS,0460,BOONTON TWP,Administrators,100.0,86.2,2017-18
27,MORRIS,0460,BOONTON TWP,Teachers,88.4,90.2,2017-18
27,MORRIS,0630,BUTLER BORO,Administrators,80.0,86.2,2017-18
27,MORRIS,0630,BUTLER BORO,Teachers,90.6,90.2,2017-18
27,MORRIS,0785,SCH DIST OF THE CHATHAMS,Administrators,92.9,86.2,2017-18
27,MORRIS,0785,SCH DIST OF THE CHATHAMS,Teachers,89.6,90.2,2017-18
27,MORRIS,0820,CHESTER TWP,Administrators,85.7,86.2,2017-18
27,MORRIS,0820,CHESTER TWP,Teachers,94.7,90.2,2017-18
27,MORRIS,1090,DENVILLE TWP,Administrators,90.9,86.2,2017-18
27,MORRIS,1090,DENVILLE TWP,Teachers,86.5,90.2,2017-18
27,MORRIS,1110,DOVER TOWN,Administrators,89.5,86.2,2017-18
27,MORRIS,1110,DOVER TOWN,Teachers,88.9,90.2,2017-18
27,MORRIS,1190,EAST HANOVER TWP,Administrators,88.9,86.2,2017-18
27,MORRIS,1190,EAST HANOVER TWP,Teachers,86.4,90.2,2017-18
27,MORRIS,1530,FLORHAM PARK BORO,Administrators,87.5,86.2,2017-18
27,MORRIS,1530,FLORHAM PARK BORO,Teachers,86.2,90.2,2017-18
27,MORRIS,1990,HANOVER PARK REGIONAL,Administrators,92.3,86.2,2017-18
27,MORRIS,1990,HANOVER PARK REGIONAL,Teachers,93.4,90.2,2017-18
27,MORRIS,2000,HANOVER TWP,Administrators,88.9,86.2,2017-18
27,MORRIS,2000,HANOVER TWP,Teachers,95.6,90.2,2017-18
27,MORRIS,2010,HARDING TOWNSHIP,Administrators,50.0,86.2,2017-18
27,MORRIS,2010,HARDING TOWNSHIP,Teachers,97.2,90.2,2017-18
27,MORRIS,2380,JEFFERSON TWP,Administrators,95.8,86.2,2017-18
27,MORRIS,2380,JEFFERSON TWP,Teachers,80.4,90.2,2017-18
27,MORRIS,2460,KINNELON BORO,Administrators,100.0,86.2,2017-18
27,MORRIS,2460,KINNELON BORO,Teachers,91.0,90.2,2017-18
27,MORRIS,2650,LINCOLN PARK BORO,Administrators,83.3,86.2,2017-18
27,MORRIS,2650,LINCOLN PARK BORO,Teachers,91.8,90.2,2017-18
27,MORRIS,2870,MADISON BORO,Administrators,63.2,86.2,2017-18
27,MORRIS,2870,MADISON BORO,Teachers,88.1,90.2,2017-18
27,MORRIS,3090,MENDHAM BORO,Administrators,100.0,86.2,2017-18
27,MORRIS,3090,MENDHAM BORO,Teachers,75.5,90.2,2017-18
27,MORRIS,3100,MENDHAM TWP,Administrators,100.0,86.2,2017-18
27,MORRIS,3100,MENDHAM TWP,Teachers,92.0,90.2,2017-18
27,MORRIS,3240,MINE HILL TWP,Administrators,100.0,86.2,2017-18
27,MORRIS,3240,MINE HILL TWP,Teachers,100.0,90.2,2017-18
27,MORRIS,3340,MONTVILLE TWP,Administrators,83.3,86.2,2017-18
27,MORRIS,3340,MONTVILLE TWP,Teachers,88.5,90.2,2017-18
27,MORRIS,3364,EDUC SERV COMM MORRIS CO,Administrators,80.0,86.2,2017-18
27,MORRIS,3364,EDUC SERV COMM MORRIS CO,Teachers,85.3,90.2,2017-18
27,MORRIS,3365,MORRIS COUNTY VOCATIONAL,Administrators,100.0,86.2,2017-18
27,MORRIS,3365,MORRIS COUNTY VOCATIONAL,Teachers,84.0,90.2,2017-18
27,MORRIS,3370,MORRIS HILLS REGIONAL,Administrators,92.6,86.2,2017-18
27,MORRIS,3370,MORRIS HILLS REGIONAL,Teachers,93.8,90.2,2017-18
27,MORRIS,3380,MORRIS PLAINS BORO,Administrators,100.0,86.2,2017-18
27,MORRIS,3380,MORRIS PLAINS BORO,Teachers,93.7,90.2,2017-18
27,MORRIS,3385,MORRIS SCHOOL DISTRICT,Administrators,93.3,86.2,2017-18
27,MORRIS,3385,MORRIS SCHOOL DISTRICT,Teachers,89.7,90.2,2017-18
27,MORRIS,3410,MOUNT ARLINGTON BORO,Administrators,80.0,86.2,2017-18
27,MORRIS,3410,MOUNT ARLINGTON BORO,Teachers,84.6,90.2,2017-18
27,MORRIS,3450,MOUNT OLIVE TWP,Administrators,92.3,86.2,2017-18
27,MORRIS,3450,MOUNT OLIVE TWP,Teachers,93.9,90.2,2017-18
27,MORRIS,3460,MOUNTAIN LAKES BORO,Administrators,86.7,86.2,2017-18
27,MORRIS,3460,MOUNTAIN LAKES BORO,Teachers,88.1,90.2,2017-18
27,MORRIS,3520,NETCONG BORO,Administrators,75.0,86.2,2017-18
27,MORRIS,3520,NETCONG BORO,Teachers,69.0,90.2,2017-18
27,MORRIS,3950,PARSIPPANY-TROY HILLS TWP,Administrators,83.7,86.2,2017-18
27,MORRIS,3950,PARSIPPANY-TROY HILLS TWP,Teachers,94.8,90.2,2017-18
27,MORRIS,4000,LONG HILL TWP,Administrators,83.3,86.2,2017-18
27,MORRIS,4000,LONG HILL TWP,Teachers,91.6,90.2,2017-18
27,MORRIS,4080,PEQUANNOCK TWP,Administrators,100.0,86.2,2017-18
27,MORRIS,4080,PEQUANNOCK TWP,Teachers,87.3,90.2,2017-18
27,MORRIS,4330,RANDOLPH TWP,Administrators,92.6,86.2,2017-18
27,MORRIS,4330,RANDOLPH TWP,Teachers,90.6,90.2,2017-18
27,MORRIS,4440,RIVERDALE BORO,Administrators,33.3,86.2,2017-18
27,MORRIS,4440,RIVERDALE BORO,Teachers,93.8,90.2,2017-18
27,MORRIS,4480,ROCKAWAY BORO,Administrators,60.0,86.2,2017-18
27,MORRIS,4480,ROCKAWAY BORO,Teachers,94.1,90.2,2017-18
27,MORRIS,4490,ROCKAWAY TWP,Administrators,81.8,86.2,2017-18
27,MORRIS,4490,ROCKAWAY TWP,Teachers,86.7,90.2,2017-18
27,MORRIS,4560,ROXBURY TWP,Administrators,82.8,86.2,2017-18
27,MORRIS,4560,ROXBURY TWP,Teachers,89.9,90.2,2017-18
27,MORRIS,5520,WASHINGTON TWP,Administrators,90.9,86.2,2017-18
27,MORRIS,5520,WASHINGTON TWP,Teachers,91.9,90.2,2017-18
27,MORRIS,5660,WEST MORRIS REGIONAL,Administrators,89.5,86.2,2017-18
27,MORRIS,5660,WEST MORRIS REGIONAL,Teachers,87.9,90.2,2017-18
27,MORRIS,5770,WHARTON BORO,Administrators,100.0,86.2,2017-18
27,MORRIS,5770,WHARTON BORO,Teachers,96.2,90.2,2017-18
29,OCEAN,0185,BARNEGAT TWP,Administrators,94.1,86.2,2017-18
29,OCEAN,0185,BARNEGAT TWP,Teachers,92.5,90.2,2017-18
29,OCEAN,0210,BAY HEAD BORO,Administrators,66.7,86.2,2017-18
29,OCEAN,0210,BAY HEAD BORO,Teachers,87.5,90.2,2017-18
29,OCEAN,0230,BEACH HAVEN BORO,Administrators,50.0,86.2,2017-18
29,OCEAN,0230,BEACH HAVEN BORO,Teachers,85.7,90.2,2017-18
29,OCEAN,0320,BERKELEY TWP,Administrators,91.7,86.2,2017-18
29,OCEAN,0320,BERKELEY TWP,Teachers,93.9,90.2,2017-18
29,OCEAN,0530,BRICK TWP,Administrators,85.4,86.2,2017-18
29,OCEAN,0530,BRICK TWP,Teachers,93.5,90.2,2017-18
29,OCEAN,0770,CENTRAL REGIONAL,Administrators,100.0,86.2,2017-18
29,OCEAN,0770,CENTRAL REGIONAL,Teachers,97.4,90.2,2017-18
29,OCEAN,1150,EAGLESWOOD TWP,Administrators,100.0,86.2,2017-18
29,OCEAN,1150,EAGLESWOOD TWP,Teachers,100.0,90.2,2017-18
29,OCEAN,2350,ISLAND HEIGHTS BORO,Administrators,100.0,86.2,2017-18
29,OCEAN,2350,ISLAND HEIGHTS BORO,Teachers,100.0,90.2,2017-18
29,OCEAN,2360,JACKSON TWP,Administrators,94.9,86.2,2017-18
29,OCEAN,2360,JACKSON TWP,Teachers,94.6,90.2,2017-18
29,OCEAN,2480,LACEY TWP,Administrators,84.6,86.2,2017-18
29,OCEAN,2480,LACEY TWP,Teachers,90.8,90.2,2017-18
29,OCEAN,2500,LAKEHURST BORO,Administrators,100.0,86.2,2017-18
29,OCEAN,2500,LAKEHURST BORO,Teachers,94.4,90.2,2017-18
29,OCEAN,2520,LAKEWOOD TWP,Administrators,83.9,86.2,2017-18
29,OCEAN,2520,LAKEWOOD TWP,Teachers,86.5,90.2,2017-18
29,OCEAN,2550,LAVALLETTE BORO,Administrators,100.0,86.2,2017-18
29,OCEAN,2550,LAVALLETTE BORO,Teachers,90.5,90.2,2017-18
29,OCEAN,2690,LITTLE EGG HARBOR TWP,Administrators,90.9,86.2,2017-18
29,OCEAN,2690,LITTLE EGG HARBOR TWP,Teachers,87.8,90.2,2017-18
29,OCEAN,2760,LONG BEACH ISLAND,Administrators,100.0,86.2,2017-18
29,OCEAN,2760,LONG BEACH ISLAND,Teachers,96.9,90.2,2017-18
29,OCEAN,2940,MANCHESTER TWP,Administrators,100.0,86.2,2017-18
29,OCEAN,2940,MANCHESTER TWP,Teachers,94.4,90.2,2017-18
29,OCEAN,3790,OCEAN COUNTY VOCATIONAL,Administrators,72.2,86.2,2017-18
29,OCEAN,3790,OCEAN COUNTY VOCATIONAL,Teachers,80.6,90.2,2017-18
29,OCEAN,3800,OCEAN GATE BORO,Administrators,100.0,86.2,2017-18
29,OCEAN,3800,OCEAN GATE BORO,Teachers,88.9,90.2,2017-18
29,OCEAN,3820,OCEAN TWP,Administrators,100.0,86.2,2017-18
29,OCEAN,3820,OCEAN TWP,Teachers,98.1,90.2,2017-18
29,OCEAN,4105,PINELANDS REGIONAL,Administrators,92.3,86.2,2017-18
29,OCEAN,4105,PINELANDS REGIONAL,Teachers,92.5,90.2,2017-18
29,OCEAN,4190,PLUMSTED TWP,Administrators,100.0,86.2,2017-18
29,OCEAN,4190,PLUMSTED TWP,Teachers,86.8,90.2,2017-18
29,OCEAN,4210,POINT PLEASANT BORO,Administrators,100.0,86.2,2017-18
29,OCEAN,4210,POINT PLEASANT BORO,Teachers,94.2,90.2,2017-18
29,OCEAN,4220,POINT PLEASANT BEACH BORO,Administrators,71.4,86.2,2017-18
29,OCEAN,4220,POINT PLEASANT BEACH BORO,Teachers,94.9,90.2,2017-18
29,OCEAN,4710,SEASIDE HEIGHTS BORO,Administrators,100.0,86.2,2017-18
29,OCEAN,4710,SEASIDE HEIGHTS BORO,Teachers,95.7,90.2,2017-18
29,OCEAN,4950,SOUTHERN REGIONAL,Administrators,100.0,86.2,2017-18
29,OCEAN,4950,SOUTHERN REGIONAL,Teachers,93.3,90.2,2017-18
29,OCEAN,5020,STAFFORD TWP,Administrators,92.3,86.2,2017-18
29,OCEAN,5020,STAFFORD TWP,Teachers,92.2,90.2,2017-18
29,OCEAN,5190,TOMS RIVER REGIONAL,Administrators,94.3,86.2,2017-18
29,OCEAN,5190,TOMS RIVER REGIONAL,Teachers,92.5,90.2,2017-18
29,OCEAN,5220,TUCKERTON BORO,Administrators,100.0,86.2,2017-18
29,OCEAN,5220,TUCKERTON BORO,Teachers,87.5,90.2,2017-18
31,PASSAIC,0420,BLOOMINGDALE BORO,Administrators,100.0,86.2,2017-18
31,PASSAIC,0420,BLOOMINGDALE BORO,Teachers,95.8,90.2,2017-18
31,PASSAIC,0900,CLIFTON CITY,Administrators,88.2,86.2,2017-18
31,PASSAIC,0900,CLIFTON CITY,Teachers,94.2,90.2,2017-18
31,PASSAIC,1920,HALEDON BORO,Administrators,62.5,86.2,2017-18
31,PASSAIC,1920,HALEDON BORO,Teachers,90.0,90.2,2017-18
31,PASSAIC,2100,HAWTHORNE BORO,Administrators,93.3,86.2,2017-18
31,PASSAIC,2100,HAWTHORNE BORO,Teachers,91.6,90.2,2017-18
31,PASSAIC,2510,LAKELAND REGIONAL,Administrators,100.0,86.2,2017-18
31,PASSAIC,2510,LAKELAND REGIONAL,Teachers,92.2,90.2,2017-18
31,PASSAIC,2700,LITTLE FALLS TWP,Administrators,83.3,86.2,2017-18
31,PASSAIC,2700,LITTLE FALLS TWP,Teachers,93.3,90.2,2017-18
31,PASSAIC,3640,NORTH HALEDON BORO,Administrators,80.0,86.2,2017-18
31,PASSAIC,3640,NORTH HALEDON BORO,Teachers,90.9,90.2,2017-18
31,PASSAIC,3970,PASSAIC CITY,Administrators,89.2,86.2,2017-18
31,PASSAIC,3970,PASSAIC CITY,Teachers,87.7,90.2,2017-18
31,PASSAIC,3975,NORTHERN REGION EDUCATIONAL SERVICES COMMISSION,Administrators,100.0,86.2,2017-18
31,PASSAIC,3975,NORTHERN REGION EDUCATIONAL SERVICES COMMISSION,Teachers,94.4,90.2,2017-18
31,PASSAIC,3980,PASSAIC CO MANCHESTER REG,Administrators,57.1,86.2,2017-18
31,PASSAIC,3980,PASSAIC CO MANCHESTER REG,Teachers,87.7,90.2,2017-18
31,PASSAIC,3990,PASSAIC VALLEY REGIONAL,Administrators,85.7,86.2,2017-18
31,PASSAIC,3990,PASSAIC VALLEY REGIONAL,Teachers,93.3,90.2,2017-18
31,PASSAIC,3995,PASSAIC COUNTY VOCATIONAL,Administrators,100.0,86.2,2017-18
31,PASSAIC,3995,PASSAIC COUNTY VOCATIONAL,Teachers,93.3,90.2,2017-18
31,PASSAIC,4010,PATERSON CITY,Administrators,86.5,86.2,2017-18
31,PASSAIC,4010,PATERSON CITY,Teachers,88.3,90.2,2017-18
31,PASSAIC,4230,POMPTON LAKES BORO,Administrators,100.0,86.2,2017-18
31,PASSAIC,4230,POMPTON LAKES BORO,Teachers,91.3,90.2,2017-18
31,PASSAIC,4270,PROSPECT PARK BORO,Administrators,80.0,86.2,2017-18
31,PASSAIC,4270,PROSPECT PARK BORO,Teachers,85.3,90.2,2017-18
31,PASSAIC,4400,RINGWOOD BORO,Administrators,66.7,86.2,2017-18
31,PASSAIC,4400,RINGWOOD BORO,Teachers,82.4,90.2,2017-18
31,PASSAIC,5200,TOTOWA BORO,Administrators,87.5,86.2,2017-18
31,PASSAIC,5200,TOTOWA BORO,Teachers,97.2,90.2,2017-18
31,PASSAIC,5440,WANAQUE BORO,Administrators,100.0,86.2,2017-18
31,PASSAIC,5440,WANAQUE BORO,Teachers,87.9,90.2,2017-18
31,PASSAIC,5570,WAYNE TWP,Administrators,82.1,86.2,2017-18
31,PASSAIC,5570,WAYNE TWP,Teachers,91.4,90.2,2017-18
31,PASSAIC,5650,WEST MILFORD TWP,Administrators,84.6,86.2,2017-18
31,PASSAIC,5650,WEST MILFORD TWP,Teachers,91.9,90.2,2017-18
31,PASSAIC,5690,WOODLAND PARK,Administrators,87.5,86.2,2017-18
31,PASSAIC,5690,WOODLAND PARK,Teachers,89.1,90.2,2017-18
33,SALEM,0060,ALLOWAY TWP,Administrators,50.0,86.2,2017-18
33,SALEM,0060,ALLOWAY TWP,Teachers,83.3,90.2,2017-18
33,SALEM,1350,ELSINBORO TWP,Administrators,100.0,86.2,2017-18
33,SALEM,1350,ELSINBORO TWP,Teachers,88.2,90.2,2017-18
33,SALEM,2800,LOWER ALLOWAYS CREEK,Administrators,100.0,86.2,2017-18
33,SALEM,2800,LOWER ALLOWAYS CREEK,Teachers,88.9,90.2,2017-18
33,SALEM,2950,MANNINGTON TWP,Administrators,100.0,86.2,2017-18
33,SALEM,2950,MANNINGTON TWP,Teachers,87.5,90.2,2017-18
33,SALEM,3860,OLDMANS TWP,Administrators,50.0,86.2,2017-18
33,SALEM,3860,OLDMANS TWP,Teachers,84.6,90.2,2017-18
33,SALEM,4070,PENNS GRV-CARNEY'S PT REG,Administrators,87.5,86.2,2017-18
33,SALEM,4070,PENNS GRV-CARNEY'S PT REG,Teachers,91.4,90.2,2017-18
33,SALEM,4075,PENNSVILLE,Administrators,100.0,86.2,2017-18
33,SALEM,4075,PENNSVILLE,Teachers,95.2,90.2,2017-18
33,SALEM,4150,PITTSGROVE TWP,Administrators,93.8,86.2,2017-18
33,SALEM,4150,PITTSGROVE TWP,Teachers,90.5,90.2,2017-18
33,SALEM,4280,QUINTON TWP,Administrators,100.0,86.2,2017-18
33,SALEM,4280,QUINTON TWP,Teachers,73.3,90.2,2017-18
33,SALEM,4630,SALEM CITY,Administrators,91.7,86.2,2017-18
33,SALEM,4630,SALEM CITY,Teachers,89.3,90.2,2017-18
33,SALEM,4635,SALEM CO SPECIAL SERVICE,Administrators,100.0,86.2,2017-18
33,SALEM,4635,SALEM CO SPECIAL SERVICE,Teachers,89.1,90.2,2017-18
33,SALEM,4640,SALEM COUNTY VOCATIONAL,Administrators,100.0,86.2,2017-18
33,SALEM,4640,SALEM COUNTY VOCATIONAL,Teachers,86.5,90.2,2017-18
33,SALEM,5320,UPPER PITTSGROVE TWP,Administrators,100.0,86.2,2017-18
33,SALEM,5320,UPPER PITTSGROVE TWP,Teachers,96.9,90.2,2017-18
33,SALEM,5910,WOODSTOWN-PILESGROVE REG,Administrators,69.2,86.2,2017-18
33,SALEM,5910,WOODSTOWN-PILESGROVE REG,Teachers,94.0,90.2,2017-18
35,SOMERSET,0240,BEDMINSTER TWP,Administrators,80.0,86.2,2017-18
35,SOMERSET,0240,BEDMINSTER TWP,Teachers,92.5,90.2,2017-18
35,SOMERSET,0350,BERNARDS TWP,Administrators,96.8,86.2,2017-18
35,SOMERSET,0350,BERNARDS TWP,Teachers,91.6,90.2,2017-18
35,SOMERSET,0490,BOUND BROOK BORO,Administrators,84.6,86.2,2017-18
35,SOMERSET,0490,BOUND BROOK BORO,Teachers,86.9,90.2,2017-18
35,SOMERSET,0510,BRANCHBURG TWP,Administrators,90.0,86.2,2017-18
35,SOMERSET,0510,BRANCHBURG TWP,Teachers,94.2,90.2,2017-18
35,SOMERSET,0555,BRIDGEWATER-RARITAN REG,Administrators,91.1,86.2,2017-18
35,SOMERSET,0555,BRIDGEWATER-RARITAN REG,Teachers,92.5,90.2,2017-18
35,SOMERSET,1610,FRANKLIN TWP,Administrators,88.6,86.2,2017-18
35,SOMERSET,1610,FRANKLIN TWP,Teachers,90.3,90.2,2017-18
35,SOMERSET,1810,GREEN BROOK TWP,Administrators,100.0,86.2,2017-18
35,SOMERSET,1810,GREEN BROOK TWP,Teachers,88.8,90.2,2017-18
35,SOMERSET,2170,HILLSBOROUGH TWP,Administrators,91.7,86.2,2017-18
35,SOMERSET,2170,HILLSBOROUGH TWP,Teachers,93.6,90.2,2017-18
35,SOMERSET,3000,MANVILLE BORO,Administrators,80.0,86.2,2017-18
35,SOMERSET,3000,MANVILLE BORO,Teachers,86.1,90.2,2017-18
35,SOMERSET,3320,MONTGOMERY TWP,Administrators,91.4,86.2,2017-18
35,SOMERSET,3320,MONTGOMERY TWP,Teachers,92.6,90.2,2017-18
35,SOMERSET,3670,NORTH PLAINFIELD BORO,Administrators,88.0,86.2,2017-18
35,SOMERSET,3670,NORTH PLAINFIELD BORO,Teachers,91.0,90.2,2017-18
35,SOMERSET,4805,SOMERSET CO ED SERV COMM,Administrators,100.0,86.2,2017-18
35,SOMERSET,4805,SOMERSET CO ED SERV COMM,Teachers,66.7,90.2,2017-18
35,SOMERSET,4810,SOMERSET CO VOCATIONAL,Administrators,100.0,86.2,2017-18
35,SOMERSET,4810,SOMERSET CO VOCATIONAL,Teachers,90.3,90.2,2017-18
35,SOMERSET,4815,SOMERSET HILLS REGIONAL,Administrators,92.9,86.2,2017-18
35,SOMERSET,4815,SOMERSET HILLS REGIONAL,Teachers,89.6,90.2,2017-18
35,SOMERSET,4820,SOMERVILLE BORO,Administrators,89.5,86.2,2017-18
35,SOMERSET,4820,SOMERVILLE BORO,Teachers,92.5,90.2,2017-18
35,SOMERSET,4850,SOUTH BOUND BROOK,Administrators,100.0,86.2,2017-18
35,SOMERSET,4850,SOUTH BOUND BROOK,Teachers,89.7,90.2,2017-18
35,SOMERSET,5470,WARREN TWP,Administrators,92.3,86.2,2017-18
35,SOMERSET,5470,WARREN TWP,Teachers,87.3,90.2,2017-18
35,SOMERSET,5540,WATCHUNG BORO,Administrators,75.0,86.2,2017-18
35,SOMERSET,5540,WATCHUNG BORO,Teachers,88.3,90.2,2017-18
35,SOMERSET,5550,WATCHUNG HILLS REGIONAL,Administrators,100.0,86.2,2017-18
35,SOMERSET,5550,WATCHUNG HILLS REGIONAL,Teachers,91.7,90.2,2017-18
37,SUSSEX,0090,ANDOVER REG,Administrators,83.3,86.2,2017-18
37,SUSSEX,0090,ANDOVER REG,Teachers,76.4,90.2,2017-18
37,SUSSEX,0640,BYRAM TWP,Administrators,100.0,86.2,2017-18
37,SUSSEX,0640,BYRAM TWP,Teachers,96.4,90.2,2017-18
37,SUSSEX,1560,FRANKFORD TWP,Administrators,100.0,86.2,2017-18
37,SUSSEX,1560,FRANKFORD TWP,Teachers,89.8,90.2,2017-18
37,SUSSEX,1570,FRANKLIN BORO,Administrators,50.0,86.2,2017-18
37,SUSSEX,1570,FRANKLIN BORO,Teachers,90.0,90.2,2017-18
37,SUSSEX,1630,FREDON TWP,Administrators,0.0,86.2,2017-18
37,SUSSEX,1630,FREDON TWP,Teachers,84.0,90.2,2017-18
37,SUSSEX,1800,GREEN TWP,Administrators,66.7,86.2,2017-18
37,SUSSEX,1800,GREEN TWP,Teachers,95.5,90.2,2017-18
37,SUSSEX,1930,HAMBURG BORO,Administrators,100.0,86.2,2017-18
37,SUSSEX,1930,HAMBURG BORO,Teachers,96.8,90.2,2017-18
37,SUSSEX,1980,HAMPTON TWP,Administrators,100.0,86.2,2017-18
37,SUSSEX,1980,HAMPTON TWP,Teachers,87.2,90.2,2017-18
37,SUSSEX,2030,HARDYSTON TWP,Administrators,100.0,86.2,2017-18
37,SUSSEX,2030,HARDYSTON TWP,Teachers,90.0,90.2,2017-18
37,SUSSEX,2165,HIGH POINT REGIONAL,Administrators,83.3,86.2,2017-18
37,SUSSEX,2165,HIGH POINT REGIONAL,Teachers,94.3,90.2,2017-18
37,SUSSEX,2240,HOPATCONG,Administrators,94.1,86.2,2017-18
37,SUSSEX,2240,HOPATCONG,Teachers,98.7,90.2,2017-18
37,SUSSEX,2465,KITTATINNY REGIONAL,Administrators,100.0,86.2,2017-18
37,SUSSEX,2465,KITTATINNY REGIONAL,Teachers,95.0,90.2,2017-18
37,SUSSEX,2490,LAFAYETTE TWP,Administrators,100.0,86.2,2017-18
37,SUSSEX,2490,LAFAYETTE TWP,Teachers,87.1,90.2,2017-18
37,SUSSEX,2615,LENAPE VALLEY REGIONAL,Administrators,90.0,86.2,2017-18
37,SUSSEX,2615,LENAPE VALLEY REGIONAL,Teachers,91.7,90.2,2017-18
37,SUSSEX,3300,MONTAGUE TWP,Administrators,50.0,86.2,2017-18
37,SUSSEX,3300,MONTAGUE TWP,Teachers,96.4,90.2,2017-18
37,SUSSEX,3590,NEWTON TOWN,Administrators,81.8,86.2,2017-18
37,SUSSEX,3590,NEWTON TOWN,Teachers,94.5,90.2,2017-18
37,SUSSEX,3840,OGDENSBURG BORO,Administrators,100.0,86.2,2017-18
37,SUSSEX,3840,OGDENSBURG BORO,Teachers,79.3,90.2,2017-18
37,SUSSEX,4650,SANDYSTON-WALPACK TWP,Administrators,100.0,86.2,2017-18
37,SUSSEX,4650,SANDYSTON-WALPACK TWP,Teachers,89.5,90.2,2017-18
37,SUSSEX,4960,SPARTA TWP,Administrators,84.6,86.2,2017-18
37,SUSSEX,4960,SPARTA TWP,Teachers,91.1,90.2,2017-18
37,SUSSEX,5030,STANHOPE BORO,Administrators,100.0,86.2,2017-18
37,SUSSEX,5030,STANHOPE BORO,Teachers,88.2,90.2,2017-18
37,SUSSEX,5040,STILLWATER TWP,Administrators,100.0,86.2,2017-18
37,SUSSEX,5040,STILLWATER TWP,Teachers,94.1,90.2,2017-18
37,SUSSEX,5100,SUSSEX-WANTAGE REGIONAL,Administrators,100.0,86.2,2017-18
37,SUSSEX,5100,SUSSEX-WANTAGE REGIONAL,Teachers,87.2,90.2,2017-18
37,SUSSEX,5105,SUSSEX CO ED SERV COMM,Administrators,100.0,86.2,2017-18
37,SUSSEX,5105,SUSSEX CO ED SERV COMM,Teachers,77.8,90.2,2017-18
37,SUSSEX,5110,SUSSEX COUNTY VOCATIONAL,Administrators,100.0,86.2,2017-18
37,SUSSEX,5110,SUSSEX COUNTY VOCATIONAL,Teachers,86.7,90.2,2017-18
37,SUSSEX,5360,VERNON TWP,Administrators,95.2,86.2,2017-18
37,SUSSEX,5360,VERNON TWP,Teachers,92.4,90.2,2017-18
37,SUSSEX,5435,WALLKILL VALLEY REGIONAL,Administrators,66.7,86.2,2017-18
37,SUSSEX,5435,WALLKILL VALLEY REGIONAL,Teachers,93.2,90.2,2017-18
39,UNION,0310,BERKELEY HEIGHTS TWP,Administrators,95.2,86.2,2017-18
39,UNION,0310,BERKELEY HEIGHTS TWP,Teachers,91.8,90.2,2017-18
39,UNION,0850,CLARK TWP,Administrators,80.0,86.2,2017-18
39,UNION,0850,CLARK TWP,Teachers,93.9,90.2,2017-18
39,UNION,0980,CRANFORD TWP,Administrators,84.6,86.2,2017-18
39,UNION,0980,CRANFORD TWP,Teachers,90.0,90.2,2017-18
39,UNION,1320,ELIZABETH CITY,Administrators,93.3,86.2,2017-18
39,UNION,1320,ELIZABETH CITY,Teachers,94.7,90.2,2017-18
39,UNION,1710,GARWOOD BORO,Administrators,100.0,86.2,2017-18
39,UNION,1710,GARWOOD BORO,Teachers,84.8,90.2,2017-18
39,UNION,2190,HILLSIDE TWP,Administrators,92.0,86.2,2017-18
39,UNION,2190,HILLSIDE TWP,Teachers,93.9,90.2,2017-18
39,UNION,2420,KENILWORTH BORO,Administrators,80.0,86.2,2017-18
39,UNION,2420,KENILWORTH BORO,Teachers,91.3,90.2,2017-18
39,UNION,2660,LINDEN CITY,Administrators,94.9,86.2,2017-18
39,UNION,2660,LINDEN CITY,Teachers,93.4,90.2,2017-18
39,UNION,3395,MORRIS-UNION JOINTURE COM,Administrators,72.7,86.2,2017-18
39,UNION,3395,MORRIS-UNION JOINTURE COM,Teachers,91.4,90.2,2017-18
39,UNION,3470,MOUNTAINSIDE BORO,Administrators,60.0,86.2,2017-18
39,UNION,3470,MOUNTAINSIDE BORO,Teachers,88.5,90.2,2017-18
39,UNION,3560,NEW PROVIDENCE BORO,Administrators,85.7,86.2,2017-18
39,UNION,3560,NEW PROVIDENCE BORO,Teachers,90.3,90.2,2017-18
39,UNION,4160,PLAINFIELD CITY,Administrators,87.0,86.2,2017-18
39,UNION,4160,PLAINFIELD CITY,Teachers,88.3,90.2,2017-18
39,UNION,4290,RAHWAY CITY,Administrators,91.7,86.2,2017-18
39,UNION,4290,RAHWAY CITY,Teachers,95.0,90.2,2017-18
39,UNION,4540,ROSELLE BORO,Administrators,70.6,86.2,2017-18
39,UNION,4540,ROSELLE BORO,Teachers,89.4,90.2,2017-18
39,UNION,4550,ROSELLE PARK BORO,Administrators,100.0,86.2,2017-18
39,UNION,4550,ROSELLE PARK BORO,Teachers,91.8,90.2,2017-18
39,UNION,4670,SCOTCH PLAINS-FANWOOD REG,Administrators,92.9,86.2,2017-18
39,UNION,4670,SCOTCH PLAINS-FANWOOD REG,Teachers,91.0,90.2,2017-18
39,UNION,5000,SPRINGFIELD TWP,Administrators,76.5,86.2,2017-18
39,UNION,5000,SPRINGFIELD TWP,Teachers,93.0,90.2,2017-18
39,UNION,5090,SUMMIT CITY,Administrators,81.8,86.2,2017-18
39,UNION,5090,SUMMIT CITY,Teachers,91.8,90.2,2017-18
39,UNION,5245,UNION CO ED SERV COMM,Administrators,93.8,86.2,2017-18
39,UNION,5245,UNION CO ED SERV COMM,Teachers,84.1,90.2,2017-18
39,UNION,5260,UNION COUNTY VOCATIONAL,Administrators,94.7,86.2,2017-18
39,UNION,5260,UNION COUNTY VOCATIONAL,Teachers,92.0,90.2,2017-18
39,UNION,5290,UNION TWP,Administrators,95.1,86.2,2017-18
39,UNION,5290,UNION TWP,Teachers,95.4,90.2,2017-18
39,UNION,5730,WESTFIELD TOWN,Administrators,77.4,86.2,2017-18
39,UNION,5730,WESTFIELD TOWN,Teachers,93.9,90.2,2017-18
39,UNION,5810,WINFIELD TWP,Administrators,100.0,86.2,2017-18
39,UNION,5810,WINFIELD TWP,Teachers,70.6,90.2,2017-18
41,WARREN,0030,ALLAMUCHY TWP,Administrators,100.0,86.2,2017-18
41,WARREN,0030,ALLAMUCHY TWP,Teachers,94.1,90.2,2017-18
41,WARREN,0070,ALPHA BORO,Administrators,0.0,86.2,2017-18
41,WARREN,0070,ALPHA BORO,Teachers,91.7,90.2,2017-18
41,WARREN,0280,BELVIDERE TOWN,Administrators,100.0,86.2,2017-18
41,WARREN,0280,BELVIDERE TOWN,Teachers,93.1,90.2,2017-18
41,WARREN,0400,BLAIRSTOWN TWP,Administrators,100.0,86.2,2017-18
41,WARREN,0400,BLAIRSTOWN TWP,Teachers,94.1,90.2,2017-18
41,WARREN,1620,FRANKLIN TWP,Administrators,100.0,86.2,2017-18
41,WARREN,1620,FRANKLIN TWP,Teachers,92.6,90.2,2017-18
41,WARREN,1670,FRELINGHUYSEN TWP,Administrators,0.0,86.2,2017-18
41,WARREN,1670,FRELINGHUYSEN TWP,Teachers,60.0,90.2,2017-18
41,WARREN,1785,GREAT MEADOWS REGIONAL,Administrators,100.0,86.2,2017-18
41,WARREN,1785,GREAT MEADOWS REGIONAL,Teachers,90.7,90.2,2017-18
41,WARREN,1840,GREENWICH TWP,Administrators,100.0,86.2,2017-18
41,WARREN,1840,GREENWICH TWP,Teachers,96.9,90.2,2017-18
41,WARREN,1870,HACKETTSTOWN,Administrators,78.6,86.2,2017-18
41,WARREN,1870,HACKETTSTOWN,Teachers,95.0,90.2,2017-18
41,WARREN,2040,HARMONY TWP,Administrators,75.0,86.2,2017-18
41,WARREN,2040,HARMONY TWP,Teachers,87.5,90.2,2017-18
41,WARREN,2250,HOPE TWP,Administrators,66.7,86.2,2017-18
41,WARREN,2250,HOPE TWP,Teachers,89.5,90.2,2017-18
41,WARREN,2470,KNOWLTON TWP,Administrators,100.0,86.2,2017-18
41,WARREN,2470,KNOWLTON TWP,Teachers,80.8,90.2,2017-18
41,WARREN,2790,LOPATCONG TWP,Administrators,60.0,86.2,2017-18
41,WARREN,2790,LOPATCONG TWP,Teachers,93.1,90.2,2017-18
41,WARREN,2970,MANSFIELD TWP,Administrators,75.0,86.2,2017-18
41,WARREN,2970,MANSFIELD TWP,Teachers,90.3,90.2,2017-18
41,WARREN,3675,NORTH WARREN REGIONAL,Administrators,87.5,86.2,2017-18
41,WARREN,3675,NORTH WARREN REGIONAL,Teachers,94.7,90.2,2017-18
41,WARREN,3890,OXFORD TWP,Administrators,66.7,86.2,2017-18
41,WARREN,3890,OXFORD TWP,Teachers,90.9,90.2,2017-18
41,WARREN,4100,PHILLIPSBURG TOWN,Administrators,95.7,86.2,2017-18
41,WARREN,4100,PHILLIPSBURG TOWN,Teachers,95.6,90.2,2017-18
41,WARREN,4200,POHATCONG TWP,Administrators,100.0,86.2,2017-18
41,WARREN,4200,POHATCONG TWP,Teachers,89.3,90.2,2017-18
41,WARREN,5450,WARREN CO SPECIAL SERVICE,Administrators,100.0,86.2,2017-18
41,WARREN,5450,WARREN CO SPECIAL SERVICE,Teachers,75.0,90.2,2017-18
41,WARREN,5460,WARREN COUNTY VOCATIONAL,Administrators,100.0,86.2,2017-18
41,WARREN,5460,WARREN COUNTY VOCATIONAL,Teachers,93.2,90.2,2017-18
41,WARREN,5465,WARREN HILLS REGIONAL,Administrators,78.6,86.2,2017-18
41,WARREN,5465,WARREN HILLS REGIONAL,Teachers,91.6,90.2,2017-18
41,WARREN,5480,WASHINGTON BORO,Administrators,100.0,86.2,2017-18
41,WARREN,5480,WASHINGTON BORO,Teachers,90.2,90.2,2017-18
41,WARREN,5530,WASHINGTON TWP,Administrators,100.0,86.2,2017-18
41,WARREN,5530,WASHINGTON TWP,Teachers,88.0,90.2,2017-18
41,WARREN,5780,WHITE TWP,Administrators,100.0,86.2,2017-18
41,WARREN,5780,WHITE TWP,Teachers,100.0,90.2,2017-18
80,CHARTERS,6010,ACADEMY CHARTER HIGH SCHOOL,Administrators,75.0,86.2,2017-18
80,CHARTERS,6010,ACADEMY CHARTER HIGH SCHOOL,Teachers,88.2,90.2,2017-18
80,CHARTERS,6013,BERGEN ARTS AND SCIENCES CHARTER SCHOOL,Administrators,9999999.0,86.2,2017-18
80,CHARTERS,6013,BERGEN ARTS AND SCIENCES CHARTER SCHOOL,Teachers,72.8,90.2,2017-18
80,CHARTERS,6017,FOUNDATION ACADEMY CS,Administrators,55.6,86.2,2017-18
80,CHARTERS,6017,FOUNDATION ACADEMY CS,Teachers,66.7,90.2,2017-18
80,CHARTERS,6018,CENTRAL JERSEY COLLEGE PREP CHARTER SCHOOL,Administrators,25.0,86.2,2017-18
80,CHARTERS,6018,CENTRAL JERSEY COLLEGE PREP CHARTER SCHOOL,Teachers,61.7,90.2,2017-18
80,CHARTERS,6020,PRIDE ACADEMY CHARTER SCHOOL,Administrators,100.0,86.2,2017-18
80,CHARTERS,6020,PRIDE ACADEMY CHARTER SCHOOL,Teachers,66.7,90.2,2017-18
80,CHARTERS,6021,COMMUNITY CHARTER SCHOOL OF PATERSO,Administrators,87.5,86.2,2017-18
80,CHARTERS,6021,COMMUNITY CHARTER SCHOOL OF PATERSO,Teachers,74.5,90.2,2017-18
80,CHARTERS,6022,BURCH CHARTER SCHOOL OF EXCELLENCE,Administrators,100.0,86.2,2017-18
80,CHARTERS,6022,BURCH CHARTER SCHOOL OF EXCELLENCE,Teachers,76.9,90.2,2017-18
80,CHARTERS,6025,PAUL ROBESON HUMANITIES  CHARTER SCHOOL,Administrators,66.7,86.2,2017-18
80,CHARTERS,6025,PAUL ROBESON HUMANITIES  CHARTER SCHOOL,Teachers,74.1,90.2,2017-18
80,CHARTERS,6026,RIVERBANK CHARTER SCHOOL OF EXCELLE,Administrators,100.0,86.2,2017-18
80,CHARTERS,6026,RIVERBANK CHARTER SCHOOL OF EXCELLE,Teachers,71.4,90.2,2017-18
80,CHARTERS,6028,VINELAND PUBLIC CHARTER SCHOOL,Administrators,40.0,86.2,2017-18
80,CHARTERS,6028,VINELAND PUBLIC CHARTER SCHOOL,Teachers,56.7,90.2,2017-18
80,CHARTERS,6029,NEWARK EDUCATORS COMMUNITY CHARTER SCHOOL,Administrators,66.7,86.2,2017-18
80,CHARTERS,6029,NEWARK EDUCATORS COMMUNITY CHARTER SCHOOL,Teachers,100.0,90.2,2017-18
80,CHARTERS,6030,THE ETHICAL COMMUNITY CHARTER SCHOOL,Administrators,62.5,86.2,2017-18
80,CHARTERS,6030,THE ETHICAL COMMUNITY CHARTER SCHOOL,Teachers,80.6,90.2,2017-18
80,CHARTERS,6032,ACADEMY FOR URBAN LEADERSHIP CHARTER SCHOOL,Administrators,80.0,86.2,2017-18
80,CHARTERS,6032,ACADEMY FOR URBAN LEADERSHIP CHARTER SCHOOL,Teachers,67.5,90.2,2017-18
80,CHARTERS,6033,THE BARACK OBAMA GREEN CHARTER HIGH SCHOOL,Administrators,50.0,86.2,2017-18
80,CHARTERS,6033,THE BARACK OBAMA GREEN CHARTER HIGH SCHOOL,Teachers,72.2,90.2,2017-18
80,CHARTERS,6036,HOLA HOBOKEN DUAL LANG CS,Administrators,100.0,86.2,2017-18
80,CHARTERS,6036,HOLA HOBOKEN DUAL LANG CS,Teachers,85.0,90.2,2017-18
80,CHARTERS,6041,HATIKVAH INTERNATIONAL CS,Administrators,100.0,86.2,2017-18
80,CHARTERS,6041,HATIKVAH INTERNATIONAL CS,Teachers,69.7,90.2,2017-18
80,CHARTERS,6053,GREAT OAKS LEGACY CHARTER SCHOOL,Administrators,71.4,86.2,2017-18
80,CHARTERS,6053,GREAT OAKS LEGACY CHARTER SCHOOL,Teachers,50.0,90.2,2017-18
80,CHARTERS,6057,PEOPLES PREPARATORY CHARTER SCHOOL,Administrators,60.0,86.2,2017-18
80,CHARTERS,6057,PEOPLES PREPARATORY CHARTER SCHOOL,Teachers,43.8,90.2,2017-18
80,CHARTERS,6058,ROSEVILLE COMMUNITY CS,Administrators,40.0,86.2,2017-18
80,CHARTERS,6058,ROSEVILLE COMMUNITY CS,Teachers,50.0,90.2,2017-18
80,CHARTERS,6060,ATLANTIC COMMUNITY CHARTER SCHOOL,Administrators,66.7,86.2,2017-18
80,CHARTERS,6060,ATLANTIC COMMUNITY CHARTER SCHOOL,Teachers,45.8,90.2,2017-18
80,CHARTERS,6064,DR LENA EDWARDS ACADEMIC CHARTER SCHOOL,Administrators,100.0,86.2,2017-18
80,CHARTERS,6064,DR LENA EDWARDS ACADEMIC CHARTER SCHOOL,Teachers,82.1,90.2,2017-18
80,CHARTERS,6067,KINGDOM CS OF LEADERSHIP,Administrators,100.0,86.2,2017-18
80,CHARTERS,6067,KINGDOM CS OF LEADERSHIP,Teachers,75.0,90.2,2017-18
80,CHARTERS,6068,M E T S CHARTER SCHOOL,Administrators,80.0,86.2,2017-18
80,CHARTERS,6068,M E T S CHARTER SCHOOL,Teachers,66.0,90.2,2017-18
80,CHARTERS,6069,MILLVILLE PUBLIC CHARTER SCHOOL,Administrators,50.0,86.2,2017-18
80,CHARTERS,6069,MILLVILLE PUBLIC CHARTER SCHOOL,Teachers,35.7,90.2,2017-18
80,CHARTERS,6076,BENJAMIN BANNEKER PREP CS,Administrators,100.0,86.2,2017-18
80,CHARTERS,6076,BENJAMIN BANNEKER PREP CS,Teachers,76.9,90.2,2017-18
80,CHARTERS,6079,JOHN P HOLLAND CHARTER SCHOOL,Administrators,100.0,86.2,2017-18
80,CHARTERS,6079,JOHN P HOLLAND CHARTER SCHOOL,Teachers,86.7,90.2,2017-18
80,CHARTERS,6080,PASSAIC ARTS AND SCIENCE CHARTER SCHOOL,Administrators,9999999.0,86.2,2017-18
80,CHARTERS,6080,PASSAIC ARTS AND SCIENCE CHARTER SCHOOL,Teachers,59.2,90.2,2017-18
80,CHARTERS,6081,THOMAS EDISON ENERGYSMART CHARTER SCHOOL,Administrators,100.0,86.2,2017-18
80,CHARTERS,6081,THOMAS EDISON ENERGYSMART CHARTER SCHOOL,Teachers,56.0,90.2,2017-18
80,CHARTERS,6082,BELOVED COMMUNITY CHARTER SCHOOL,Administrators,75.0,86.2,2017-18
80,CHARTERS,6082,BELOVED COMMUNITY CHARTER SCHOOL,Teachers,81.1,90.2,2017-18
80,CHARTERS,6086,HOPE COMMUNITY CS,Administrators,100.0,86.2,2017-18
80,CHARTERS,6086,HOPE COMMUNITY CS,Teachers,63.0,90.2,2017-18
80,CHARTERS,6089,COMPASS ACADEMY CS,Administrators,100.0,86.2,2017-18
80,CHARTERS,6089,COMPASS ACADEMY CS,Teachers,93.8,90.2,2017-18
80,CHARTERS,6093,JERSEY CITY GLOBAL CS,Administrators,100.0,86.2,2017-18
80,CHARTERS,6093,JERSEY CITY GLOBAL CS,Teachers,66.7,90.2,2017-18
80,CHARTERS,6094,PHILLIP'S ACADEMY CHARTER SCHOOL,Administrators,100.0,86.2,2017-18
80,CHARTERS,6094,PHILLIP'S ACADEMY CHARTER SCHOOL,Teachers,68.8,90.2,2017-18
80,CHARTERS,6096,PATERSON ARTS AND SCIENCE CHARTER SCHOOL,Administrators,100.0,86.2,2017-18
80,CHARTERS,6096,PATERSON ARTS AND SCIENCE CHARTER SCHOOL,Teachers,77.3,90.2,2017-18
80,CHARTERS,6099,LINK COMMUNITY CHARTER SCHOOL,Administrators,9999999.0,86.2,2017-18
80,CHARTERS,6099,LINK COMMUNITY CHARTER SCHOOL,Teachers,9999999.0,90.2,2017-18
80,CHARTERS,6100,BRIDGETON PUBLIC CHARTER SCHOOL,Administrators,66.7,86.2,2017-18
80,CHARTERS,6100,BRIDGETON PUBLIC CHARTER SCHOOL,Teachers,23.1,90.2,2017-18
80,CHARTERS,6101,COLLEGE ACHIEVE CENTRAL CHARTER SCHOOL,Administrators,9999999.0,86.2,2017-18
80,CHARTERS,6101,COLLEGE ACHIEVE CENTRAL CHARTER SCHOOL,Teachers,45.0,90.2,2017-18
80,CHARTERS,6102,CRESTHAVEN ACADEMY CHARTER SCHOOL,Administrators,100.0,86.2,2017-18
80,CHARTERS,6102,CRESTHAVEN ACADEMY CHARTER SCHOOL,Teachers,80.0,90.2,2017-18
80,CHARTERS,6103,EMPOWERMENT ACADEMY CHARTER SCHOOL,Administrators,50.0,86.2,2017-18
80,CHARTERS,6103,EMPOWERMENT ACADEMY CHARTER SCHOOL,Teachers,83.3,90.2,2017-18
80,CHARTERS,6104,INTERNATIONAL ACADEMY OF ATLANTIC CITY CHARTER SCHOOL,Administrators,50.0,86.2,2017-18
80,CHARTERS,6104,INTERNATIONAL ACADEMY OF ATLANTIC CITY CHARTER SCHOOL,Teachers,50.0,90.2,2017-18
80,CHARTERS,6105,HUDSON ARTS AND SCIENCE  CHARTER SCHOOL,Administrators,9999999.0,86.2,2017-18
80,CHARTERS,6105,HUDSON ARTS AND SCIENCE  CHARTER SCHOOL,Teachers,80.8,90.2,2017-18
80,CHARTERS,6106,PHILIPS CHARTER SCHOOL OF PATERSON,Administrators,50.0,86.2,2017-18
80,CHARTERS,6106,PHILIPS CHARTER SCHOOL OF PATERSON,Teachers,100.0,90.2,2017-18
80,CHARTERS,6107,CAMDENS PROMISE CHARTER SCHOOL,Administrators,78.6,86.2,2017-18
80,CHARTERS,6107,CAMDENS PROMISE CHARTER SCHOOL,Teachers,84.6,90.2,2017-18
80,CHARTERS,6109,LEAD CHARTER SCHOOL,Administrators,9999999.0,86.2,2017-18
80,CHARTERS,6109,LEAD CHARTER SCHOOL,Teachers,9999999.0,90.2,2017-18
80,CHARTERS,6110,ACHIEVE COMMUNITY CHARTER SCHOOL,Administrators,9999999.0,86.2,2017-18
80,CHARTERS,6110,ACHIEVE COMMUNITY CHARTER SCHOOL,Teachers,9999999.0,90.2,2017-18
80,CHARTERS,6182,INTERNATIONAL ACADEMY OF TRENTON CHARTER SCHOOL,Administrators,33.3,86.2,2017-18
80,CHARTERS,6182,INTERNATIONAL ACADEMY OF TRENTON CHARTER SCHOOL,Teachers,50.0,90.2,2017-18
80,CHARTERS,6183,TRENTON STEM-TO-CIVICS CS,Administrators,100.0,86.2,2017-18
80,CHARTERS,6183,TRENTON STEM-TO-CIVICS CS,Teachers,50.0,90.2,2017-18
80,CHARTERS,6184,GREAT FUTURES CHARTER SCHOOL,Administrators,0.0,86.2,2017-18
80,CHARTERS,6184,GREAT FUTURES CHARTER SCHOOL,Teachers,27.6,90.2,2017-18
80,CHARTERS,6230,CLASSICAL ACADEMY CHARTER SCHOOL ,Administrators,100.0,86.2,2017-18
80,CHARTERS,6230,CLASSICAL ACADEMY CHARTER SCHOOL ,Teachers,100.0,90.2,2017-18
80,CHARTERS,6232,ENVIRONMENT COMMUNITY CS,Administrators,66.7,86.2,2017-18
80,CHARTERS,6232,ENVIRONMENT COMMUNITY CS,Teachers,64.7,90.2,2017-18
80,CHARTERS,6240,FREEDOM PREP CHARTER SCHOOL,Administrators,0.0,86.2,2017-18
80,CHARTERS,6240,FREEDOM PREP CHARTER SCHOOL,Teachers,0.0,90.2,2017-18
80,CHARTERS,6320,DISCOVERY CS,Administrators,9999999.0,86.2,2017-18
80,CHARTERS,6320,DISCOVERY CS,Teachers,9999999.0,90.2,2017-18
80,CHARTERS,6410,EAST ORANGE COMMUNITY CS,Administrators,75.0,86.2,2017-18
80,CHARTERS,6410,EAST ORANGE COMMUNITY CS,Teachers,80.0,90.2,2017-18
80,CHARTERS,6420,ELYSIAN CS OF HOBOKEN,Administrators,100.0,86.2,2017-18
80,CHARTERS,6420,ELYSIAN CS OF HOBOKEN,Teachers,92.0,90.2,2017-18
80,CHARTERS,6430,ENGLEWOOD ON THE PALISADES CHARTER SCHOOL,Administrators,100.0,86.2,2017-18
80,CHARTERS,6430,ENGLEWOOD ON THE PALISADES CHARTER SCHOOL,Teachers,87.5,90.2,2017-18
80,CHARTERS,6635,GREATER BRUNSWICK CS,Administrators,100.0,86.2,2017-18
80,CHARTERS,6635,GREATER BRUNSWICK CS,Teachers,78.4,90.2,2017-18
80,CHARTERS,6665,GRAY CS,Administrators,100.0,86.2,2017-18
80,CHARTERS,6665,GRAY CS,Teachers,73.7,90.2,2017-18
80,CHARTERS,6720,HOBOKEN CS,Administrators,100.0,86.2,2017-18
80,CHARTERS,6720,HOBOKEN CS,Teachers,83.3,90.2,2017-18
80,CHARTERS,6740,HOPE ACADEMY CS,Administrators,80.0,86.2,2017-18
80,CHARTERS,6740,HOPE ACADEMY CS,Teachers,75.0,90.2,2017-18
80,CHARTERS,6810,INTERNATIONAL CHARTER SCHOOL ,Administrators,100.0,86.2,2017-18
80,CHARTERS,6810,INTERNATIONAL CHARTER SCHOOL ,Teachers,100.0,90.2,2017-18
80,CHARTERS,6910,JERSEY CITY COMM. CS,Administrators,25.0,86.2,2017-18
80,CHARTERS,6910,JERSEY CITY COMM. CS,Teachers,75.7,90.2,2017-18
80,CHARTERS,6915,JERSEY CITY GOLDEN DOOR CHARTER SCHOOL,Administrators,100.0,86.2,2017-18
80,CHARTERS,6915,JERSEY CITY GOLDEN DOOR CHARTER SCHOOL,Teachers,82.9,90.2,2017-18
80,CHARTERS,7100,LADY LIBERTY ACADEMY CS,Administrators,75.0,86.2,2017-18
80,CHARTERS,7100,LADY LIBERTY ACADEMY CS,Teachers,66.7,90.2,2017-18
80,CHARTERS,7109,LEAP ACADEMY UNIVERSITY CS,Administrators,44.4,86.2,2017-18
80,CHARTERS,7109,LEAP ACADEMY UNIVERSITY CS,Teachers,70.2,90.2,2017-18
80,CHARTERS,7115,LEARNING COMMUNITY CS,Administrators,66.7,86.2,2017-18
80,CHARTERS,7115,LEARNING COMMUNITY CS,Teachers,75.6,90.2,2017-18
80,CHARTERS,7210,MARION P. THOMAS CS,Administrators,69.2,86.2,2017-18
80,CHARTERS,7210,MARION P. THOMAS CS,Teachers,70.5,90.2,2017-18
80,CHARTERS,7290,NEW HORIZONS COMM. CS,Administrators,66.7,86.2,2017-18
80,CHARTERS,7290,NEW HORIZONS COMM. CS,Teachers,94.4,90.2,2017-18
80,CHARTERS,7320,NORTH STAR ACADEMY CHARTER SCHOOL,Administrators,56.3,86.2,2017-18
80,CHARTERS,7320,NORTH STAR ACADEMY CHARTER SCHOOL,Teachers,68.0,90.2,2017-18
80,CHARTERS,7325,TEAM ACADEMY CHARTER SCHOOL,Administrators,0.0,86.2,2017-18
80,CHARTERS,7325,TEAM ACADEMY CHARTER SCHOOL,Teachers,44.1,90.2,2017-18
80,CHARTERS,7410,CHARTER~TECH HIGH SCHOOL,Administrators,75.0,86.2,2017-18
80,CHARTERS,7410,CHARTER~TECH HIGH SCHOOL,Teachers,94.7,90.2,2017-18
80,CHARTERS,7500,PACE CS OF HAMILTON,Administrators,100.0,86.2,2017-18
80,CHARTERS,7500,PACE CS OF HAMILTON,Teachers,100.0,90.2,2017-18
80,CHARTERS,7503,PATERSON CS FOR SCI/TECH,Administrators,77.8,86.2,2017-18
80,CHARTERS,7503,PATERSON CS FOR SCI/TECH,Teachers,76.5,90.2,2017-18
80,CHARTERS,7540,PRINCETON CS,Administrators,66.7,86.2,2017-18
80,CHARTERS,7540,PRINCETON CS,Teachers,83.8,90.2,2017-18
80,CHARTERS,7600,QUEEN CITY ACADEMY CS,Administrators,100.0,86.2,2017-18
80,CHARTERS,7600,QUEEN CITY ACADEMY CS,Teachers,77.4,90.2,2017-18
80,CHARTERS,7720,THE RED BANK CS,Administrators,100.0,86.2,2017-18
80,CHARTERS,7720,THE RED BANK CS,Teachers,86.2,90.2,2017-18
80,CHARTERS,7727,RIDGE AND VALLEY CS,Administrators,100.0,86.2,2017-18
80,CHARTERS,7727,RIDGE AND VALLEY CS,Teachers,100.0,90.2,2017-18
80,CHARTERS,7730,ROBERT TREAT ACADEMY CS,Administrators,100.0,86.2,2017-18
80,CHARTERS,7730,ROBERT TREAT ACADEMY CS,Teachers,83.3,90.2,2017-18
80,CHARTERS,7735,MARIA L. VARISCO-ROGERS CS,Administrators,100.0,86.2,2017-18
80,CHARTERS,7735,MARIA L. VARISCO-ROGERS CS,Teachers,67.8,90.2,2017-18
80,CHARTERS,7830,SOARING HEIGHTS CS,Administrators,100.0,86.2,2017-18
80,CHARTERS,7830,SOARING HEIGHTS CS,Teachers,86.7,90.2,2017-18
80,CHARTERS,7850,SUSSEX COUNTY TECHNOLOGY CHARTER SCHOOL ,Administrators,66.7,86.2,2017-18
80,CHARTERS,7850,SUSSEX COUNTY TECHNOLOGY CHARTER SCHOOL ,Teachers,76.0,90.2,2017-18
80,CHARTERS,7890,TEANECK COMMUNITY CS,Administrators,100.0,86.2,2017-18
80,CHARTERS,7890,TEANECK COMMUNITY CS,Teachers,100.0,90.2,2017-18
80,CHARTERS,7891,COLLEGE ACHIEVE GREATER ASBURY PARK CHARTER SCHOOL,Administrators,9999999.0,86.2,2017-18
80,CHARTERS,7891,COLLEGE ACHIEVE GREATER ASBURY PARK CHARTER SCHOOL,Teachers,9999999.0,90.2,2017-18
80,CHARTERS,7892,COLLEGE ACHIEVE PATERSON CHARTER SCHOOL,Administrators,9999999.0,86.2,2017-18
80,CHARTERS,7892,COLLEGE ACHIEVE PATERSON CHARTER SCHOOL,Teachers,9999999.0,90.2,2017-18
80,CHARTERS,7893,OCEAN ACADEMY CHARTER SCHOOL,Administrators,9999999.0,86.2,2017-18
80,CHARTERS,7893,OCEAN ACADEMY CHARTER SCHOOL,Teachers,9999999.0,90.2,2017-18
80,CHARTERS,8010,UNION COUNTY TEAMS CS,Administrators,80.0,86.2,2017-18
80,CHARTERS,8010,UNION COUNTY TEAMS CS,Teachers,84.2,90.2,2017-18
80,CHARTERS,8050,UNITY CS,Administrators,75.0,86.2,2017-18
80,CHARTERS,8050,UNITY CS,Teachers,70.8,90.2,2017-18
80,CHARTERS,8060,UNIVERSITY ACADEMY CS,Administrators,77.8,86.2,2017-18
80,CHARTERS,8060,UNIVERSITY ACADEMY CS,Teachers,83.3,90.2,2017-18
80,CHARTERS,8065,UNIVERSITY HEIGHTS CS,Administrators,42.9,86.2,2017-18
80,CHARTERS,8065,UNIVERSITY HEIGHTS CS,Teachers,72.7,90.2,2017-18
80,CHARTERS,8140,VILLAGE CS,Administrators,100.0,86.2,2017-18
80,CHARTERS,8140,VILLAGE CS,Teachers,62.2,90.2,2017-18
